time,accel_mag
1969-12-31 19:00:19.160,8093.928588763309
1969-12-31 19:00:19.187,7984.929805577504
1969-12-31 19:00:19.214,7687.413088939607
1969-12-31 19:00:19.241,7668.975420484799
1969-12-31 19:00:19.269,7217.152901248525
1969-12-31 19:00:19.296,7920.775719587065
1969-12-31 19:00:19.323,7745.074305647428
1969-12-31 19:00:19.350,7019.953276197784
1969-12-31 19:00:19.377,6717.02791418943
1969-12-31 19:00:19.404,5887.5652013374765
1969-12-31 19:00:19.431,7109.727420935348
1969-12-31 19:00:19.458,7595.973670307185
1969-12-31 19:00:19.485,6801.2045991868235
1969-12-31 19:00:19.512,7182.431900129649
1969-12-31 19:00:19.538,7956.924028794041
1969-12-31 19:00:19.564,7262.272922439641
1969-12-31 19:00:19.591,7890.595921728599
1969-12-31 19:00:19.620,8741.536707009815
1969-12-31 19:00:19.648,10911.741932432236
1969-12-31 19:00:19.677,10732.184120671804
1969-12-31 19:00:19.706,11167.988538676067
1969-12-31 19:00:19.735,10466.62963900032
1969-12-31 19:00:19.764,9031.74136033578
1969-12-31 19:00:19.792,8586.56066187155
1969-12-31 19:00:19.821,8007.996003995007
1969-12-31 19:00:19.849,7761.253507005167
1969-12-31 19:00:19.877,7338.071681307018
1969-12-31 19:00:19.906,6934.666538486187
1969-12-31 19:00:19.935,7021.502973010835
1969-12-31 19:00:19.964,7371.816601082803
1969-12-31 19:00:19.994,6582.070191056914
1969-12-31 19:00:20.023,5395.20379596545
1969-12-31 19:00:20.052,4865.631305390904
1969-12-31 19:00:20.080,5176.785102744752
1969-12-31 19:00:20.108,5668.179249106365
1969-12-31 19:00:20.136,6035.903246408113
1969-12-31 19:00:20.164,6306.578153008175
1969-12-31 19:00:20.192,6334.282595527295
1969-12-31 19:00:20.221,9098.149262350009
1969-12-31 19:00:20.249,11371.577199315845
1969-12-31 19:00:20.277,12914.933991314087
1969-12-31 19:00:20.305,13504.606621445884
1969-12-31 19:00:20.331,12638.33913138906
1969-12-31 19:00:20.358,9834.483006238814
1969-12-31 19:00:20.385,8151.273765492115
1969-12-31 19:00:20.412,8691.358466891123
1969-12-31 19:00:20.438,8880.936887513613
1969-12-31 19:00:20.466,8035.425564336963
1969-12-31 19:00:20.494,7764.287475357929
1969-12-31 19:00:20.521,7351.107671636976
1969-12-31 19:00:20.548,7411.610351333912
1969-12-31 19:00:20.575,7700.655556509459
1969-12-31 19:00:20.602,7863.947100534184
1969-12-31 19:00:20.629,7855.152703798953
1969-12-31 19:00:20.656,7920.985797235089
1969-12-31 19:00:20.683,8214.858732808496
1969-12-31 19:00:20.710,8690.121287991326
1969-12-31 19:00:20.737,8727.160362913013
1969-12-31 19:00:20.764,8469.261124797133
1969-12-31 19:00:20.791,8290.70226217297
1969-12-31 19:00:20.819,8263.283608832508
1969-12-31 19:00:20.846,8218.37940229094
1969-12-31 19:00:20.873,8120.0906398882025
1969-12-31 19:00:20.900,8057.854801372385
1969-12-31 19:00:20.927,7975.78735925175
1969-12-31 19:00:20.954,7828.85738789512
1969-12-31 19:00:20.981,7627.906659103794
1969-12-31 19:00:21.008,7888.275857245359
1969-12-31 19:00:21.035,7864.793449290324
1969-12-31 19:00:21.062,7777.53071353627
1969-12-31 19:00:21.089,7689.910272558452
1969-12-31 19:00:21.116,7696.964596514655
1969-12-31 19:00:21.144,7770.30243941637
1969-12-31 19:00:21.171,7785.903158914834
1969-12-31 19:00:21.198,7780.426723515877
1969-12-31 19:00:21.225,7874.1785603325
1969-12-31 19:00:21.252,7867.657338750843
1969-12-31 19:00:21.279,7850.914851149514
1969-12-31 19:00:21.306,7765.177654117129
1969-12-31 19:00:21.333,8005.981763656472
1969-12-31 19:00:21.360,8134.92618282428
1969-12-31 19:00:21.387,8214.93664004781
1969-12-31 19:00:21.414,8200.792156858995
1969-12-31 19:00:21.441,8215.98052578023
1969-12-31 19:00:21.469,8142.318097446206
1969-12-31 19:00:21.496,8175.123240661268
1969-12-31 19:00:21.523,8163.026889579624
1969-12-31 19:00:21.550,8323.722244284705
1969-12-31 19:00:21.577,8153.314908673649
1969-12-31 19:00:21.604,8086.91980917333
1969-12-31 19:00:21.631,7976.509512311761
1969-12-31 19:00:21.658,7960.558774357489
1969-12-31 19:00:21.685,7977.600641797006
1969-12-31 19:00:21.712,7851.192011408204
1969-12-31 19:00:21.739,7901.926853622475
1969-12-31 19:00:21.766,7972.111389086332
1969-12-31 19:00:21.794,8005.53408586835
1969-12-31 19:00:21.821,7971.340665157901
1969-12-31 19:00:21.848,7924.427045534586
1969-12-31 19:00:21.875,7994.782298474424
1969-12-31 19:00:21.902,8049.06553582464
1969-12-31 19:00:21.929,8066.824902029299
1969-12-31 19:00:21.956,8061.602818298605
1969-12-31 19:00:21.983,7982.653193017971
1969-12-31 19:00:22.010,8030.724998404565
1969-12-31 19:00:22.037,8033.226997913105
1969-12-31 19:00:22.064,8003.391281200738
1969-12-31 19:00:22.091,8051.259777202571
1969-12-31 19:00:22.119,8030.677181906891
1969-12-31 19:00:22.146,8018.251180899735
1969-12-31 19:00:22.173,8021.491133199613
1969-12-31 19:00:22.200,8118.703344746623
1969-12-31 19:00:22.227,8143.685652086529
1969-12-31 19:00:22.254,8095.351752703523
1969-12-31 19:00:22.281,8065.8410596787735
1969-12-31 19:00:22.308,8135.146464569645
1969-12-31 19:00:22.335,8134.690160049121
1969-12-31 19:00:22.362,8011.639532580082
1969-12-31 19:00:22.389,7987.974962404426
1969-12-31 19:00:22.416,8042.176819742277
1969-12-31 19:00:22.444,7894.747621045273
1969-12-31 19:00:22.471,7720.327454195191
1969-12-31 19:00:22.498,7502.174618069083
1969-12-31 19:00:22.525,7546.710011654085
1969-12-31 19:00:22.552,7626.496967809008
1969-12-31 19:00:22.579,7636.979507632583
1969-12-31 19:00:22.606,7660.675688214454
1969-12-31 19:00:22.633,7614.487244719765
1969-12-31 19:00:22.660,7614.319142247717
1969-12-31 19:00:22.687,7479.413880779696
1969-12-31 19:00:22.714,7248.741683906249
1969-12-31 19:00:22.741,6804.76068646062
1969-12-31 19:00:22.769,6765.370647643778
1969-12-31 19:00:22.796,8290.60962776562
1969-12-31 19:00:22.823,9387.228771048462
1969-12-31 19:00:22.850,9979.909418426601
1969-12-31 19:00:22.877,9814.223148064242
1969-12-31 19:00:22.904,8934.105439270346
1969-12-31 19:00:22.931,7971.998996487644
1969-12-31 19:00:22.958,7517.991221064308
1969-12-31 19:00:22.985,7639.727743840091
1969-12-31 19:00:23.012,8021.634746110047
1969-12-31 19:00:23.039,8037.129835955122
1969-12-31 19:00:23.066,8019.639892164735
1969-12-31 19:00:23.094,8072.091178870566
1969-12-31 19:00:23.121,8283.195518638926
1969-12-31 19:00:23.148,8158.525356950237
1969-12-31 19:00:23.175,8399.558083613685
1969-12-31 19:00:23.202,8399.161862947993
1969-12-31 19:00:23.229,8316.014430001911
1969-12-31 19:00:23.256,8638.933267481581
1969-12-31 19:00:23.283,8751.3272136288
1969-12-31 19:00:23.310,8992.142347627732
1969-12-31 19:00:23.337,10416.651285321977
1969-12-31 19:00:23.364,10937.963247332658
1969-12-31 19:00:23.392,9471.972972934414
1969-12-31 19:00:23.420,8089.673417388368
1969-12-31 19:00:23.447,9145.228263963672
1969-12-31 19:00:23.475,9163.712784674124
1969-12-31 19:00:23.502,8201.197961273707
1969-12-31 19:00:23.529,7308.095237474673
1969-12-31 19:00:23.556,7109.9974683539795
1969-12-31 19:00:23.583,7136.520160414318
1969-12-31 19:00:23.610,7327.720518687923
1969-12-31 19:00:23.637,7513.478022859986
1969-12-31 19:00:23.664,6965.625312920585
1969-12-31 19:00:23.691,6204.597005446849
1969-12-31 19:00:23.719,5730.234201147454
1969-12-31 19:00:23.746,5504.023255764822
1969-12-31 19:00:23.773,5423.126773366081
1969-12-31 19:00:23.800,5492.313173882203
1969-12-31 19:00:23.827,5737.333178402662
1969-12-31 19:00:23.854,5638.246535936505
1969-12-31 19:00:23.881,5676.97947856076
1969-12-31 19:00:23.908,6328.662417920551
1969-12-31 19:00:23.935,7603.771695678402
1969-12-31 19:00:23.962,9168.251305456237
1969-12-31 19:00:23.990,9314.872409217423
1969-12-31 19:00:24.017,10966.713272444027
1969-12-31 19:00:24.046,14300.366428871674
1969-12-31 19:00:24.074,13232.609417646998
1969-12-31 19:00:24.103,10832.28360042332
1969-12-31 19:00:24.130,8378.25757541507
1969-12-31 19:00:24.157,6916.591067859947
1969-12-31 19:00:24.184,8341.188404538048
1969-12-31 19:00:24.212,9406.163085977194
1969-12-31 19:00:24.240,9470.75667515537
1969-12-31 19:00:24.267,9302.290470631413
1969-12-31 19:00:24.296,8324.152809745867
1969-12-31 19:00:24.324,7524.083997404601
1969-12-31 19:00:24.352,7129.862831780146
1969-12-31 19:00:24.380,6793.8607580668
1969-12-31 19:00:24.408,7148.115276071028
1969-12-31 19:00:24.435,7095.995490415704
1969-12-31 19:00:24.462,7264.81052746732
1969-12-31 19:00:24.489,7271.009833578827
1969-12-31 19:00:24.516,7476.1444608835645
1969-12-31 19:00:24.544,7999.615990783557
1969-12-31 19:00:24.571,8506.55464921022
1969-12-31 19:00:24.598,8677.931550778676
1969-12-31 19:00:24.625,9450.285921600467
1969-12-31 19:00:24.652,10613.45259564483
1969-12-31 19:00:24.680,9679.94710729351
1969-12-31 19:00:24.707,9177.893440218186
1969-12-31 19:00:24.734,8178.895768989846
1969-12-31 19:00:24.761,7912.820988749841
1969-12-31 19:00:24.789,8794.325443147985
1969-12-31 19:00:24.817,8728.28963772399
1969-12-31 19:00:24.846,8473.537159887836
1969-12-31 19:00:24.873,8206.034852472905
1969-12-31 19:00:24.900,7244.025400286777
1969-12-31 19:00:24.927,6515.596058688721
1969-12-31 19:00:24.954,6367.477365487843
1969-12-31 19:00:24.981,6336.363625929307
1969-12-31 19:00:25.008,6662.400768491791
1969-12-31 19:00:25.033,6715.026731145603
1969-12-31 19:00:25.060,7104.954890778688
1969-12-31 19:00:25.086,7534.454193901506
1969-12-31 19:00:25.113,8038.658594566633
1969-12-31 19:00:25.140,8432.774158009925
1969-12-31 19:00:25.167,8803.693770230766
1969-12-31 19:00:25.195,9494.918219763666
1969-12-31 19:00:25.222,10029.741372537977
1969-12-31 19:00:25.249,10290.239258637284
1969-12-31 19:00:25.276,10520.580972550899
1969-12-31 19:00:25.303,11360.157745383643
1969-12-31 19:00:25.331,11956.721958797905
1969-12-31 19:00:25.359,10766.585345410122
1969-12-31 19:00:25.387,9955.214914807213
1969-12-31 19:00:25.414,9982.897375010923
1969-12-31 19:00:25.442,8148.289636482003
1969-12-31 19:00:25.471,8800.799963639669
1969-12-31 19:00:25.500,9195.337949200128
1969-12-31 19:00:25.529,9491.50694041784
1969-12-31 19:00:25.558,9250.795425259386
1969-12-31 19:00:25.587,8890.314730086893
1969-12-31 19:00:25.616,8863.740068390995
1969-12-31 19:00:25.646,8421.063115782947
1969-12-31 19:00:25.674,7423.810342405038
1969-12-31 19:00:25.702,7061.53071224646
1969-12-31 19:00:25.730,6347.645862837655
1969-12-31 19:00:25.757,6222.704235298348
1969-12-31 19:00:25.785,6578.413182523579
1969-12-31 19:00:25.812,6720.647587844493
1969-12-31 19:00:25.839,6710.736472251016
1969-12-31 19:00:25.866,6678.366267284237
1969-12-31 19:00:25.894,7211.120301312411
1969-12-31 19:00:25.921,7733.993535037381
1969-12-31 19:00:25.948,8034.756499110598
1969-12-31 19:00:25.976,9793.17639992255
1969-12-31 19:00:26.003,11293.325462413628
1969-12-31 19:00:26.031,9849.829237098478
1969-12-31 19:00:26.058,9278.606791970442
1969-12-31 19:00:26.085,9209.9563516881
1969-12-31 19:00:26.112,9849.998172588663
1969-12-31 19:00:26.139,11853.419422259552
1969-12-31 19:00:26.167,11265.068131174352
1969-12-31 19:00:26.196,9745.523690392425
1969-12-31 19:00:26.224,8876.193778867157
1969-12-31 19:00:26.250,7052.298348765457
1969-12-31 19:00:26.276,6801.261059538885
1969-12-31 19:00:26.303,6406.876305970016
1969-12-31 19:00:26.331,6702.949798409652
1969-12-31 19:00:26.359,6916.165411555741
1969-12-31 19:00:26.387,6719.1237523950995
1969-12-31 19:00:26.415,6529.921285896178
1969-12-31 19:00:26.444,6936.346012130594
1969-12-31 19:00:26.472,7740.710044950657
1969-12-31 19:00:26.499,9171.796770535204
1969-12-31 19:00:26.526,10730.180240797448
1969-12-31 19:00:26.553,11925.196182872633
1969-12-31 19:00:26.580,11684.919511917915
1969-12-31 19:00:26.608,13950.256771830402
1969-12-31 19:00:26.636,14203.747111237935
1969-12-31 19:00:26.664,9848.373672845684
1969-12-31 19:00:26.691,8834.39098070716
1969-12-31 19:00:26.719,8466.61585286589
1969-12-31 19:00:26.745,10522.174680169494
1969-12-31 19:00:26.773,10470.041069642468
1969-12-31 19:00:26.801,10343.61329516915
1969-12-31 19:00:26.828,9508.766481515886
1969-12-31 19:00:26.855,8963.128025416127
1969-12-31 19:00:26.881,8690.725171123524
1969-12-31 19:00:26.906,8605.620488959526
1969-12-31 19:00:26.933,8434.079439986323
1969-12-31 19:00:26.961,8221.073409233128
1969-12-31 19:00:26.986,8201.71299180848
1969-12-31 19:00:27.012,7914.600179415256
1969-12-31 19:00:27.039,8016.271452489617
1969-12-31 19:00:27.066,8474.232000600408
1969-12-31 19:00:27.094,8451.302384839866
1969-12-31 19:00:27.121,8049.288167285353
1969-12-31 19:00:27.148,7195.678703221816
1969-12-31 19:00:27.175,7325.83374094717
1969-12-31 19:00:27.201,8850.675906392686
1969-12-31 19:00:27.228,8087.6162124571665
1969-12-31 19:00:27.255,8071.900891363818
1969-12-31 19:00:27.282,8426.29028695309
1969-12-31 19:00:27.309,8558.08576727296
1969-12-31 19:00:27.336,9269.58035727616
1969-12-31 19:00:27.363,11177.348522793767
1969-12-31 19:00:27.391,11598.112949958713
1969-12-31 19:00:27.420,9956.102048492672
1969-12-31 19:00:27.448,8401.58461244068
1969-12-31 19:00:27.475,7510.308648784016
1969-12-31 19:00:27.502,7605.118276529301
1969-12-31 19:00:27.529,7465.573253273991
1969-12-31 19:00:27.556,7912.626871020774
1969-12-31 19:00:27.583,8196.779855528634
1969-12-31 19:00:27.610,7619.394201640967
1969-12-31 19:00:27.637,7925.170029721759
1969-12-31 19:00:27.664,7861.277249913019
1969-12-31 19:00:27.691,8759.704104591661
1969-12-31 19:00:27.719,10164.975159831922
1969-12-31 19:00:27.747,10543.514404599635
1969-12-31 19:00:27.774,10877.011354227778
1969-12-31 19:00:27.801,10759.628246366135
1969-12-31 19:00:27.828,13883.483136446705
1969-12-31 19:00:27.856,10506.99424193237
1969-12-31 19:00:27.883,8671.542423352375
1969-12-31 19:00:27.909,9118.17525604767
1969-12-31 19:00:27.936,9767.367710903485
1969-12-31 19:00:27.962,10763.80304539246
1969-12-31 19:00:27.990,11500.61702692512
1969-12-31 19:00:28.019,11369.573430872419
1969-12-31 19:00:28.047,10428.085155003291
1969-12-31 19:00:28.073,9349.614751421579
1969-12-31 19:00:28.101,8871.823262441605
1969-12-31 19:00:28.129,8692.050621113523
1969-12-31 19:00:28.157,8468.308922093005
1969-12-31 19:00:28.185,8246.583777540854
1969-12-31 19:00:28.213,8036.79538124494
1969-12-31 19:00:28.240,7880.548204281223
1969-12-31 19:00:28.267,7970.280798064771
1969-12-31 19:00:28.295,8139.047610132281
1969-12-31 19:00:28.322,8073.597463336899
1969-12-31 19:00:28.349,7824.5234998688575
1969-12-31 19:00:28.376,6901.807299541186
1969-12-31 19:00:28.403,6543.6087902624495
1969-12-31 19:00:28.430,9047.586197434099
1969-12-31 19:00:28.457,8660.33163337294
1969-12-31 19:00:28.484,8599.177635099766
1969-12-31 19:00:28.512,8430.679213444193
1969-12-31 19:00:28.540,9121.431466606544
1969-12-31 19:00:28.569,10312.80369249798
1969-12-31 19:00:28.597,10846.654783849259
1969-12-31 19:00:28.624,10665.233237018307
1969-12-31 19:00:28.652,10156.320593600814
1969-12-31 19:00:28.678,8476.391685145278
1969-12-31 19:00:28.705,7958.0821810282905
1969-12-31 19:00:28.732,7813.571782482068
1969-12-31 19:00:28.759,7865.411877327213
1969-12-31 19:00:28.786,8109.301326254932
1969-12-31 19:00:28.813,7941.240205408724
1969-12-31 19:00:28.840,8197.638684401747
1969-12-31 19:00:28.867,8207.828458246431
1969-12-31 19:00:28.895,9330.071811084843
1969-12-31 19:00:28.922,10375.466447345874
1969-12-31 19:00:28.949,11514.431987727401
1969-12-31 19:00:28.976,11590.683155017223
1969-12-31 19:00:29.003,14242.741309172192
1969-12-31 19:00:29.031,13516.771212090556
1969-12-31 19:00:29.059,12153.524591656529
1969-12-31 19:00:29.087,8714.24397179698
1969-12-31 19:00:29.114,8894.460298410466
1969-12-31 19:00:29.141,10008.815314511503
1969-12-31 19:00:29.170,10758.914443381358
1969-12-31 19:00:29.197,11095.443389067425
1969-12-31 19:00:29.225,10111.860758534998
1969-12-31 19:00:29.252,9430.096500036465
1969-12-31 19:00:29.279,8846.553227104892
1969-12-31 19:00:29.307,8591.702043250802
1969-12-31 19:00:29.335,8582.057562146738
1969-12-31 19:00:29.363,8534.42159727301
1969-12-31 19:00:29.391,7929.852457643837
1969-12-31 19:00:29.420,7525.00259136168
1969-12-31 19:00:29.448,7466.4647591748535
1969-12-31 19:00:29.476,7479.345425904596
1969-12-31 19:00:29.504,8058.585483817864
1969-12-31 19:00:29.532,7936.661262772905
1969-12-31 19:00:29.560,6892.9552443055945
1969-12-31 19:00:29.586,7073.103986228394
1969-12-31 19:00:29.613,8581.520611173757
1969-12-31 19:00:29.640,7912.497456555673
1969-12-31 19:00:29.667,8185.403594203526
1969-12-31 19:00:29.695,7801.981286827084
1969-12-31 19:00:29.723,8184.652955379354
1969-12-31 19:00:29.751,9486.111110460388
1969-12-31 19:00:29.779,10902.952260741125
1969-12-31 19:00:29.807,10654.894837585212
1969-12-31 19:00:29.834,10771.517998870911
1969-12-31 19:00:29.861,9893.513026220768
1969-12-31 19:00:29.888,8694.259255393757
1969-12-31 19:00:29.915,8263.56242791207
1969-12-31 19:00:29.942,7494.305037827056
1969-12-31 19:00:29.970,7624.398730391794
1969-12-31 19:00:29.997,7380.510551445611
1969-12-31 19:00:30.024,7759.670096080116
1969-12-31 19:00:30.051,7636.962747061164
1969-12-31 19:00:30.078,7295.59648006933
1969-12-31 19:00:30.105,7684.032274789064
1969-12-31 19:00:30.132,7719.0507188384245
1969-12-31 19:00:30.159,8723.008655274853
1969-12-31 19:00:30.186,10319.553478712149
1969-12-31 19:00:30.213,11352.628594294803
1969-12-31 19:00:30.240,12718.842714649789
1969-12-31 19:00:30.267,14650.62783637616
1969-12-31 19:00:30.296,9795.999183340105
1969-12-31 19:00:30.323,9171.41995549217
1969-12-31 19:00:30.350,9151.972027929281
1969-12-31 19:00:30.376,9712.632598837454
1969-12-31 19:00:30.404,10250.132486948643
1969-12-31 19:00:30.432,10300.285044599494
1969-12-31 19:00:30.459,9746.731965125542
1969-12-31 19:00:30.486,9268.87609152264
1969-12-31 19:00:30.513,8973.332937097564
1969-12-31 19:00:30.541,8538.575056764448
1969-12-31 19:00:30.570,8205.176902419595
1969-12-31 19:00:30.598,7939.821660465681
1969-12-31 19:00:30.625,7914.584006756135
1969-12-31 19:00:30.653,7622.904433350847
1969-12-31 19:00:30.681,7102.0718103944855
1969-12-31 19:00:30.708,7448.184745291969
1969-12-31 19:00:30.735,7584.489435683855
1969-12-31 19:00:30.762,7933.451203606158
1969-12-31 19:00:30.789,7710.93768617021
1969-12-31 19:00:30.816,8051.975161412261
1969-12-31 19:00:30.844,10148.55418273953
1969-12-31 19:00:30.871,8858.771020858367
1969-12-31 19:00:30.898,7819.6634198666125
1969-12-31 19:00:30.925,7760.659765767341
1969-12-31 19:00:30.953,7807.557364502678
1969-12-31 19:00:30.981,8820.90607590853
1969-12-31 19:00:31.009,9920.49031046349
1969-12-31 19:00:31.037,9763.999180663628
1969-12-31 19:00:31.065,9385.483258735268
1969-12-31 19:00:31.094,8772.232555056893
1969-12-31 19:00:31.121,8124.046282487563
1969-12-31 19:00:31.149,7837.860932677997
1969-12-31 19:00:31.176,7622.854058684319
1969-12-31 19:00:31.203,7861.716860838986
1969-12-31 19:00:31.230,7844.439559331183
1969-12-31 19:00:31.257,7743.702473623325
1969-12-31 19:00:31.284,7727.635602174833
1969-12-31 19:00:31.311,7715.866250784808
1969-12-31 19:00:31.338,7847.849132087084
1969-12-31 19:00:31.365,8390.058879411992
1969-12-31 19:00:31.394,8977.169264305981
1969-12-31 19:00:31.422,9765.519750632835
1969-12-31 19:00:31.450,9993.866919266036
1969-12-31 19:00:31.478,9771.390075112138
1969-12-31 19:00:31.505,13940.720210950365
1969-12-31 19:00:31.534,14792.871796916243
1969-12-31 19:00:31.563,11402.478327100649
1969-12-31 19:00:31.590,9567.866219800526
1969-12-31 19:00:31.617,7661.059978880207
1969-12-31 19:00:31.645,7950.728268529871
1969-12-31 19:00:31.672,8182.087753134893
1969-12-31 19:00:31.700,9282.565162712299
1969-12-31 19:00:31.727,10459.693303343076
1969-12-31 19:00:31.754,10635.776605401225
1969-12-31 19:00:31.781,10271.875388652259
1969-12-31 19:00:31.808,9862.296689919645
1969-12-31 19:00:31.836,9632.132889448732
1969-12-31 19:00:31.864,9280.468953668236
1969-12-31 19:00:31.892,8655.881699746133
1969-12-31 19:00:31.921,7856.700579759929
1969-12-31 19:00:31.949,7186.01308097891
1969-12-31 19:00:31.977,7205.100415677772
1969-12-31 19:00:32.003,7049.012413097313
1969-12-31 19:00:32.029,6963.695570600426
1969-12-31 19:00:32.056,6544.5476543455625
1969-12-31 19:00:32.083,5521.344763732835
1969-12-31 19:00:32.110,4868.681957162534
1969-12-31 19:00:32.137,5041.498190022486
1969-12-31 19:00:32.164,7867.933909229284
1969-12-31 19:00:32.191,8441.22455571465
1969-12-31 19:00:32.220,9330.64799464646
1969-12-31 19:00:32.248,9631.016561090528
1969-12-31 19:00:32.276,9968.988715010164
1969-12-31 19:00:32.304,10846.029319525187
1969-12-31 19:00:32.332,11448.176099274504
1969-12-31 19:00:32.359,10866.35615098272
1969-12-31 19:00:32.386,10218.101584932496
1969-12-31 19:00:32.413,10061.201518705408
1969-12-31 19:00:32.440,9300.239996903305
1969-12-31 19:00:32.469,8617.22925307201
1969-12-31 19:00:32.497,8933.37472627226
1969-12-31 19:00:32.525,7779.8344455393135
1969-12-31 19:00:32.552,7627.571041950379
1969-12-31 19:00:32.579,7428.378019460238
1969-12-31 19:00:32.605,6998.879910385661
1969-12-31 19:00:32.632,6789.13013573904
1969-12-31 19:00:32.659,6993.025096480063
1969-12-31 19:00:32.686,7265.973300253724
1969-12-31 19:00:32.713,7200.462207386412
1969-12-31 19:00:32.740,7548.355052592585
1969-12-31 19:00:32.767,8354.482389711526
1969-12-31 19:00:32.796,9061.214046693744
1969-12-31 19:00:32.823,8951.453066402124
1969-12-31 19:00:32.851,8803.751927445479
1969-12-31 19:00:32.879,8517.89269714053
1969-12-31 19:00:32.907,8250.618401065462
1969-12-31 19:00:32.934,8502.084450298056
1969-12-31 19:00:32.961,8838.606224965562
1969-12-31 19:00:32.988,8723.522224422884
1969-12-31 19:00:33.015,8321.507555725706
1969-12-31 19:00:33.042,7736.88929738561
1969-12-31 19:00:33.070,7782.005911074599
1969-12-31 19:00:33.097,7614.436814367823
1969-12-31 19:00:33.123,8100.883902389912
1969-12-31 19:00:33.149,8956.27065245351
1969-12-31 19:00:33.177,9263.502577319228
1969-12-31 19:00:33.204,9034.745375493434
1969-12-31 19:00:33.230,8331.376836993992
1969-12-31 19:00:33.257,7506.114840581644
1969-12-31 19:00:33.284,7213.161304171701
1969-12-31 19:00:33.311,7625.993443480003
1969-12-31 19:00:33.339,7900.436443640313
1969-12-31 19:00:33.367,8181.555842258855
1969-12-31 19:00:33.396,8183.99608993064
1969-12-31 19:00:33.424,8369.575377520654
1969-12-31 19:00:33.452,7554.06751359822
1969-12-31 19:00:33.480,7502.635270356676
1969-12-31 19:00:33.507,7592.939878597749
1969-12-31 19:00:33.534,7505.04043959791
1969-12-31 19:00:33.561,7536.90015855325
1969-12-31 19:00:33.588,7555.439894539562
1969-12-31 19:00:33.615,7585.788818573847
1969-12-31 19:00:33.642,7685.681232005397
1969-12-31 19:00:33.670,7907.772379121696
1969-12-31 19:00:33.697,8221.774017813917
1969-12-31 19:00:33.724,8514.210239358668
1969-12-31 19:00:33.751,8508.19463811213
1969-12-31 19:00:33.779,8667.378842533653
1969-12-31 19:00:33.807,8673.608706876279
1969-12-31 19:00:33.835,8657.789094220303
1969-12-31 19:00:33.863,8938.789179749123
1969-12-31 19:00:33.891,8513.037530752463
1969-12-31 19:00:33.920,8147.017122849319
1969-12-31 19:00:33.947,8268.982041339792
1969-12-31 19:00:33.974,8076.704278355126
1969-12-31 19:00:34.001,8033.00392132358
1969-12-31 19:00:34.028,7978.242412962895
1969-12-31 19:00:34.055,8006.413429245332
1969-12-31 19:00:34.082,8017.979795434758
1969-12-31 19:00:34.109,7961.764628523001
1969-12-31 19:00:34.136,7998.111777163407
1969-12-31 19:00:34.163,7942.78742004342
1969-12-31 19:00:34.190,7864.077313963794
1969-12-31 19:00:34.217,7845.1248556030005
1969-12-31 19:00:34.245,7961.459162741463
1969-12-31 19:00:34.272,7876.047739824842
1969-12-31 19:00:34.299,7859.1439737416695
1969-12-31 19:00:34.326,7714.621960925889
1969-12-31 19:00:34.353,7812.670734134391
1969-12-31 19:00:34.380,7890.806802856093
1969-12-31 19:00:34.407,7940.917831082248
1969-12-31 19:00:34.434,7973.026526984593
1969-12-31 19:00:34.461,7981.081630957047
1969-12-31 19:00:34.488,7994.798308900607
1969-12-31 19:00:34.515,8050.544329422701
1969-12-31 19:00:34.542,8029.800495653674
1969-12-31 19:00:34.570,8035.075108547524
1969-12-31 19:00:34.597,8058.061305301667
1969-12-31 19:00:34.624,8078.225547730145
1969-12-31 19:00:34.651,8147.928325654319
1969-12-31 19:00:34.678,8313.612933015345
1969-12-31 19:00:34.705,8069.997769516421
1969-12-31 19:00:34.732,7951.774644694101
1969-12-31 19:00:34.759,8057.695948594735
1969-12-31 19:00:34.786,8115.360250783695
1969-12-31 19:00:34.813,8098.924373026334
1969-12-31 19:00:34.840,8067.126378085321
1969-12-31 19:00:34.867,8030.438095147736
1969-12-31 19:00:34.895,8034.804291331557
1969-12-31 19:00:34.922,8090.0373299509565
1969-12-31 19:00:34.949,8107.6911633337395
1969-12-31 19:00:34.976,7940.9017120223825
1969-12-31 19:00:35.003,8005.789904812641
1969-12-31 19:00:35.030,8016.750463872503
1969-12-31 19:00:35.057,7994.878360550584
1969-12-31 19:00:35.084,7942.400644641392
1969-12-31 19:00:35.111,7973.379710010053
1969-12-31 19:00:35.138,7948.474067391803
1969-12-31 19:00:35.165,7977.408100379471
1969-12-31 19:00:35.192,7959.5296343439795
1969-12-31 19:00:35.220,7971.067682562983
1969-12-31 19:00:35.247,7983.102153924876
1969-12-31 19:00:35.274,7994.061796108409
1969-12-31 19:00:35.301,8000.799960003999
1969-12-31 19:00:35.328,8028.014947669193
1969-12-31 19:00:35.355,8004.494737333519
1969-12-31 19:00:35.382,7965.670342162046
1969-12-31 19:00:35.409,7984.641256812983
1969-12-31 19:00:35.436,8085.82760142708
1969-12-31 19:00:35.463,8044.070611326084
1969-12-31 19:00:35.490,7972.3843359436705
1969-12-31 19:00:35.517,7979.4135122827165
1969-12-31 19:00:35.545,7972.015052670185
1969-12-31 19:00:35.572,7929.965447591811
1969-12-31 19:00:35.599,8016.271452489617
1969-12-31 19:00:35.626,8077.987868275119
1969-12-31 19:00:35.653,8074.453541881333
1969-12-31 19:00:35.680,7947.5722079135585
1969-12-31 19:00:35.707,7980.039097648582
1969-12-31 19:00:35.734,7993.05298368527
1969-12-31 19:00:35.761,7971.067682562983
1969-12-31 19:00:35.788,7976.365086930262
1969-12-31 19:00:35.815,8002.383644889815
1969-12-31 19:00:35.842,8007.3885880479165
1969-12-31 19:00:35.870,8037.750929208991
1969-12-31 19:00:35.897,7979.060596335887
1969-12-31 19:00:35.924,8028.014947669193
1969-12-31 19:00:35.951,8038.085344160013
1969-12-31 19:00:35.978,8088.818949636591
1969-12-31 19:00:36.005,7995.822909494682
1969-12-31 19:00:36.032,7958.307357723752
1969-12-31 19:00:36.059,7977.199508599493
1969-12-31 19:00:36.086,8066.380600988277
1969-12-31 19:00:36.113,7992.140138911479
1969-12-31 19:00:36.140,7942.013850403436
1969-12-31 19:00:36.167,8002.9914407051565
1969-12-31 19:00:36.195,7923.619375007863
1969-12-31 19:00:36.222,8054.168610104956
1969-12-31 19:00:36.249,8029.481676920373
1969-12-31 19:00:36.276,7971.677866045517
1969-12-31 19:00:36.303,7983.166289136159
1969-12-31 19:00:36.330,7960.7678021658185
1969-12-31 19:00:36.357,7959.722608232023
1969-12-31 19:00:36.384,8003.535218889213
1969-12-31 19:00:36.411,8054.740715876583
1969-12-31 19:00:36.438,8049.176852324715
1969-12-31 19:00:36.465,8045.773051733438
1969-12-31 19:00:36.492,8034.644982822825
1969-12-31 19:00:36.520,8076.466554131206
1969-12-31 19:00:36.547,7971.404894998121
1969-12-31 19:00:36.574,8011.479763439461
1969-12-31 19:00:36.601,7983.166289136159
1969-12-31 19:00:36.628,8000.063999744002
1969-12-31 19:00:36.655,8045.8366873806235
1969-12-31 19:00:36.682,7998.239806357396
1969-12-31 19:00:36.709,8086.714042180544
1969-12-31 19:00:36.736,8010.840655012431
1969-12-31 19:00:36.763,8014.355120656933
1969-12-31 19:00:36.790,7899.302247667195
1969-12-31 19:00:36.817,7917.672385240501
1969-12-31 19:00:36.845,7868.568357712857
1969-12-31 19:00:36.872,8056.981072337207
1969-12-31 19:00:36.899,8005.53408586835
1969-12-31 19:00:36.926,7936.951555855686
1969-12-31 19:00:36.953,7976.621841356152
1969-12-31 19:00:36.980,8059.8878404106845
1969-12-31 19:00:37.007,7986.0358125918765
1969-12-31 19:00:37.034,8042.590627403585
1969-12-31 19:00:37.061,8017.421031728345
1969-12-31 19:00:37.088,8017.277343337949
1969-12-31 19:00:37.115,7958.307357723752
1969-12-31 19:00:37.142,7940.095717307191
1969-12-31 19:00:37.170,7952.788693282376
1969-12-31 19:00:37.197,8069.6012293049525
1969-12-31 19:00:37.224,8035.170688915077
1969-12-31 19:00:37.251,8084.640251736622
1969-12-31 19:00:37.278,7969.477774609827
1969-12-31 19:00:37.305,7977.536461840836
1969-12-31 19:00:37.332,8007.820177801197
1969-12-31 19:00:37.359,8000.063999744002
1969-12-31 19:00:37.386,7968.546166020499
1969-12-31 19:00:37.413,7924.200906085105
1969-12-31 19:00:37.440,8076.102030063761
1969-12-31 19:00:37.467,7913.35478795182
1969-12-31 19:00:37.495,7997.663658844375
1969-12-31 19:00:37.522,7984.641256812983
1969-12-31 19:00:37.549,8006.877044141493
1969-12-31 19:00:37.576,8036.604258018432
1969-12-31 19:00:37.603,8006.445403548319
1969-12-31 19:00:37.630,7997.327553626899
1969-12-31 19:00:37.657,7983.8717424567885
1969-12-31 19:00:37.684,8035.776004842345
1969-12-31 19:00:37.711,7971.758149868823
1969-12-31 19:00:37.738,8020.102742484039
1969-12-31 19:00:37.765,7971.404894998121
1969-12-31 19:00:37.792,7977.199508599493
1969-12-31 19:00:37.820,8081.5364875746245
1969-12-31 19:00:37.847,8059.125510872752
1969-12-31 19:00:37.874,8047.188825919273
1969-12-31 19:00:37.901,8008.363628107804
1969-12-31 19:00:37.928,7959.079343743219
1969-12-31 19:00:37.955,7910.119088863327
1969-12-31 19:00:37.982,7867.624800408316
1969-12-31 19:00:38.009,7982.9097451994285
1969-12-31 19:00:38.036,8040.378100562187
1969-12-31 19:00:38.063,8146.451497431259
1969-12-31 19:00:38.090,8058.982566056338
1969-12-31 19:00:38.117,7900.857674961624
1969-12-31 19:00:38.145,7901.683871175814
1969-12-31 19:00:38.172,7962.311222251991
1969-12-31 19:00:38.199,8003.423267577444
1969-12-31 19:00:38.226,7976.830448241958
1969-12-31 19:00:38.253,8008.091907564498
1969-12-31 19:00:38.280,8050.11503023404
1969-12-31 19:00:38.307,8026.89877848226
1969-12-31 19:00:38.334,7970.457452367461
1969-12-31 19:00:38.361,8026.0216795122105
1969-12-31 19:00:38.388,7950.792664885685
1969-12-31 19:00:38.415,7962.488053366234
1969-12-31 19:00:38.442,8005.150342123501
1969-12-31 19:00:38.470,7983.8717424567885
1969-12-31 19:00:38.497,8027.5684986177475
1969-12-31 19:00:38.524,7989.449042330766
1969-12-31 19:00:38.551,8070.251545026338
1969-12-31 19:00:38.578,7953.480747446366
1969-12-31 19:00:38.605,8026.659579177381
1969-12-31 19:00:38.632,7896.628141175194
1969-12-31 19:00:38.659,8097.027602768809
1969-12-31 19:00:38.686,7888.973570750507
1969-12-31 19:00:38.713,7942.223366287301
1969-12-31 19:00:38.740,7954.011817944452
1969-12-31 19:00:38.767,8023.549339288692
1969-12-31 19:00:38.795,8034.756499110598
1969-12-31 19:00:38.822,7965.670342162046
1969-12-31 19:00:38.849,8050.480730987436
1969-12-31 19:00:38.876,8046.918416387729
1969-12-31 19:00:38.903,8060.904167647696
1969-12-31 19:00:38.930,8039.263647872235
1969-12-31 19:00:38.957,7981.626901828975
1969-12-31 19:00:38.984,8003.423267577444
1969-12-31 19:00:39.011,7996.495232287705
1969-12-31 19:00:39.038,7958.001759235794
1969-12-31 19:00:39.065,7994.878360550584
1969-12-31 19:00:39.092,8024.761678704234
1969-12-31 19:00:39.120,8053.898434919576
1969-12-31 19:00:39.147,8112.252461554682
1969-12-31 19:00:39.174,7932.354001177709
1969-12-31 19:00:39.201,7989.03248209694
1969-12-31 19:00:39.228,7975.995987962882
1969-12-31 19:00:39.255,8004.6546458919765
1969-12-31 19:00:39.282,7956.0553039807355
1969-12-31 19:00:39.309,7931.966717025482
1969-12-31 19:00:39.336,7984.785532498666
1969-12-31 19:00:39.363,8049.9083224593305
1969-12-31 19:00:39.390,8025.654864246281
1969-12-31 19:00:39.417,7776.823001714774
1969-12-31 19:00:39.445,7747.470296813019
1969-12-31 19:00:39.472,7869.4630058219345
1969-12-31 19:00:39.499,7941.240205408724
1969-12-31 19:00:39.526,7925.8321960536105
1969-12-31 19:00:39.553,7856.0
1969-12-31 19:00:39.580,7941.772094438369
1969-12-31 19:00:39.607,8042.176819742277
1969-12-31 19:00:39.634,8000.783961587765
1969-12-31 19:00:39.661,8067.776893295947
1969-12-31 19:00:39.688,8079.920791690968
1969-12-31 19:00:39.715,8019.384515036051
1969-12-31 19:00:39.742,8018.283107997621
1969-12-31 19:00:39.770,8131.243447345553
1969-12-31 19:00:39.797,8137.64781739785
1969-12-31 19:00:39.824,8006.413429245332
1969-12-31 19:00:39.851,7778.468743910977
1969-12-31 19:00:39.878,7575.42130841579
1969-12-31 19:00:39.905,7782.482894295367
1969-12-31 19:00:39.932,8147.079967693947
1969-12-31 19:00:39.959,8304.30827944146
1969-12-31 19:00:39.985,8376.867194840801
1969-12-31 19:00:40.011,8230.54992087406
1969-12-31 19:00:40.037,8179.693881802668
1969-12-31 19:00:40.064,7865.639706978702
1969-12-31 19:00:40.090,7958.259106111084
1969-12-31 19:00:40.117,7953.432466551784
1969-12-31 19:00:40.145,8002.655559250316
1969-12-31 19:00:40.172,8233.784063236053
1969-12-31 19:00:40.199,8471.935788236358
1969-12-31 19:00:40.227,8346.08219465876
1969-12-31 19:00:40.255,8086.587413736403
1969-12-31 19:00:40.282,7935.838708038364
1969-12-31 19:00:40.309,7895.217793069422
1969-12-31 19:00:40.335,7970.264738388556
1969-12-31 19:00:40.362,7944.431005427638
1969-12-31 19:00:40.390,7743.7685915838165
1969-12-31 19:00:40.417,7723.377499514057
1969-12-31 19:00:40.445,7960.301501827679
1969-12-31 19:00:40.472,8001.663826979986
1969-12-31 19:00:40.499,8048.636157759897
1969-12-31 19:00:40.526,8161.568476708383
1969-12-31 19:00:40.553,8375.339037913629
1969-12-31 19:00:40.580,8261.08370614897
1969-12-31 19:00:40.606,8052.134127049797
1969-12-31 19:00:40.633,8329.317859224728
1969-12-31 19:00:40.660,8134.186621906335
1969-12-31 19:00:40.687,8063.174560928221
1969-12-31 19:00:40.714,8179.193114238103
1969-12-31 19:00:40.741,8295.672124668381
1969-12-31 19:00:40.768,8215.108033373634
1969-12-31 19:00:40.796,8230.363296963264
1969-12-31 19:00:40.823,8112.315575715727
1969-12-31 19:00:40.850,8154.947455379464
1969-12-31 19:00:40.877,8142.931167583329
1969-12-31 19:00:40.904,8038.324203464302
1969-12-31 19:00:40.931,8015.680632360549
1969-12-31 19:00:40.958,7884.753895969106
1969-12-31 19:00:40.985,7889.233169326408
1969-12-31 19:00:41.012,7905.457355523461
1969-12-31 19:00:41.039,7915.813034679381
1969-12-31 19:00:41.066,8050.925909483952
1969-12-31 19:00:41.093,8171.693582116255
1969-12-31 19:00:41.121,8136.530956126204
1969-12-31 19:00:41.149,7999.455981502742
1969-12-31 19:00:41.177,7699.807789808782
1969-12-31 19:00:41.205,7658.202400041409
1969-12-31 19:00:41.233,7774.765334079222
1969-12-31 19:00:41.261,8192.71871847191
1969-12-31 19:00:41.289,7846.413703087545
1969-12-31 19:00:41.316,7983.358691678584
1969-12-31 19:00:41.345,7872.081300393182
1969-12-31 19:00:41.372,7727.287751857051
1969-12-31 19:00:41.399,7997.375569522792
1969-12-31 19:00:41.426,8089.989864023317
1969-12-31 19:00:41.453,7931.046841369682
1969-12-31 19:00:41.480,7972.17561271702
1969-12-31 19:00:41.507,7881.392770316678
1969-12-31 19:00:41.534,7750.096773589346
1969-12-31 19:00:41.561,7662.079091212776
1969-12-31 19:00:41.588,7724.852361048721
1969-12-31 19:00:41.615,7715.202654499751
1969-12-31 19:00:41.642,7852.805867968468
1969-12-31 19:00:41.670,7949.11819008876
1969-12-31 19:00:41.697,7924.168599922644
1969-12-31 19:00:41.724,7868.714761636744
1969-12-31 19:00:41.751,7883.000443993391
1969-12-31 19:00:41.778,7896.239104789064
1969-12-31 19:00:41.805,8002.8474932363915
1969-12-31 19:00:41.832,8054.6135847723945
1969-12-31 19:00:41.859,7998.671889757699
1969-12-31 19:00:41.886,7911.284092990214
1969-12-31 19:00:41.913,7790.767869728888
1969-12-31 19:00:41.940,7922.90855683694
1969-12-31 19:00:41.967,8315.46029994732
1969-12-31 19:00:41.995,8844.686540516854
1969-12-31 19:00:42.022,8698.718986149628
1969-12-31 19:00:42.049,8466.464669506393
1969-12-31 19:00:42.076,8022.671874132707
1969-12-31 19:00:42.103,7991.259224928196
1969-12-31 19:00:42.130,8127.637787204841
1969-12-31 19:00:42.157,7954.961219264365
1969-12-31 19:00:42.184,8060.078411529257
1969-12-31 19:00:42.211,7992.540522261992
1969-12-31 19:00:42.238,7673.096897602688
1969-12-31 19:00:42.265,7520.085105901396
1969-12-31 19:00:42.292,7730.268818094232
1969-12-31 19:00:42.320,8090.21136930303
1969-12-31 19:00:42.347,8540.613561097352
1969-12-31 19:00:42.374,8771.459171654395
1969-12-31 19:00:42.401,8322.245850730438
1969-12-31 19:00:42.428,7871.642268294463
1969-12-31 19:00:42.455,7578.411443040025
1969-12-31 19:00:42.482,7586.514351136496
1969-12-31 19:00:42.509,7698.843549520928
1969-12-31 19:00:42.536,7749.122272877103
1969-12-31 19:00:42.563,7695.351324013739
1969-12-31 19:00:42.590,7742.561849930551
1969-12-31 19:00:42.617,7861.2446851627765
1969-12-31 19:00:42.645,7943.8992944271395
1969-12-31 19:00:42.672,7964.802571313366
1969-12-31 19:00:42.699,8321.984378740446
1969-12-31 19:00:42.726,8023.788631313763
1969-12-31 19:00:42.753,8069.997769516421
1969-12-31 19:00:42.780,8041.953991412784
1969-12-31 19:00:42.807,8052.006954790836
1969-12-31 19:00:42.834,8286.532688646079
1969-12-31 19:00:42.861,8480.920704734834
1969-12-31 19:00:42.888,8568.235290886916
1969-12-31 19:00:42.915,8867.306242597015
1969-12-31 19:00:42.942,8430.33000540311
1969-12-31 19:00:42.970,8359.460269658563
1969-12-31 19:00:42.997,8371.823218391559
1969-12-31 19:00:43.024,8456.450319135092
1969-12-31 19:00:43.051,8345.407359739847
1969-12-31 19:00:43.078,7752.144477497824
1969-12-31 19:00:43.105,7544.352059653632
1969-12-31 19:00:43.132,7495.380977642164
1969-12-31 19:00:43.159,7669.108944329843
1969-12-31 19:00:43.186,7718.088882618546
1969-12-31 19:00:43.213,7877.331527871605
1969-12-31 19:00:43.240,7896.255315021165
1969-12-31 19:00:43.267,7865.542066507559
1969-12-31 19:00:43.295,7844.782214950266
1969-12-31 19:00:43.322,7809.081892258526
1969-12-31 19:00:43.349,7657.099189640944
1969-12-31 19:00:43.376,7835.590596757847
1969-12-31 19:00:43.403,7933.128512762162
1969-12-31 19:00:43.430,8103.4432187805205
1969-12-31 19:00:43.457,8137.789380415298
1969-12-31 19:00:43.484,8089.325311792078
1969-12-31 19:00:43.511,8113.262229214584
1969-12-31 19:00:43.538,8064.857097308049
1969-12-31 19:00:43.565,7833.8098011121
1969-12-31 19:00:43.592,7581.0120696381955
1969-12-31 19:00:43.620,7669.77652868713
1969-12-31 19:00:43.647,7951.307816956906
1969-12-31 19:00:43.674,8275.279814000249
1969-12-31 19:00:43.701,8589.064675504545
1969-12-31 19:00:43.727,8896.402868575591
1969-12-31 19:00:43.753,9191.592680270378
1969-12-31 19:00:43.780,9112.474087754654
1969-12-31 19:00:43.807,8847.0885606509
1969-12-31 19:00:43.834,7701.453369332311
1969-12-31 19:00:43.861,7269.231596255549
1969-12-31 19:00:43.889,7296.350868756244
1969-12-31 19:00:43.917,8063.523795463122
1969-12-31 19:00:43.946,8446.666561431202
1969-12-31 19:00:43.974,7969.815054315878
1969-12-31 19:00:44.002,7738.196172235491
1969-12-31 19:00:44.030,7447.841029452764
1969-12-31 19:00:44.058,7314.310357101344
1969-12-31 19:00:44.086,7882.886780869049
1969-12-31 19:00:44.114,8224.342405323358
1969-12-31 19:00:44.142,8323.2301421984
1969-12-31 19:00:44.171,8151.666332719955
1969-12-31 19:00:44.199,7991.451432624739
1969-12-31 19:00:44.227,7968.080320880306
1969-12-31 19:00:44.255,8266.551397045809
1969-12-31 19:00:44.283,8250.075393594898
1969-12-31 19:00:44.311,8229.243464620547
1969-12-31 19:00:44.339,8226.023097463318
1969-12-31 19:00:44.367,8250.83559404743
1969-12-31 19:00:44.396,8593.102350141071
1969-12-31 19:00:44.423,8376.469900859192
1969-12-31 19:00:44.451,8136.184855323778
1969-12-31 19:00:44.479,7969.863235965847
1969-12-31 19:00:44.507,7968.626481395649
1969-12-31 19:00:44.535,8201.525711719742
1969-12-31 19:00:44.563,8521.858952130104
1969-12-31 19:00:44.588,8492.021667424076
1969-12-31 19:00:44.614,8442.634659867736
1969-12-31 19:00:44.641,8221.275813400254
1969-12-31 19:00:44.668,7889.492759360389
1969-12-31 19:00:44.696,8210.946839433318
1969-12-31 19:00:44.723,8770.46680627662
1969-12-31 19:00:44.750,8983.42651776036
1969-12-31 19:00:44.777,8466.373958194854
1969-12-31 19:00:44.804,7305.9055564659475
1969-12-31 19:00:44.831,6663.572615346816
1969-12-31 19:00:44.858,7141.755526479466
1969-12-31 19:00:44.885,7581.062722336493
1969-12-31 19:00:44.912,7858.036395945236
1969-12-31 19:00:44.939,7748.973609453061
1969-12-31 19:00:44.966,7489.589574869908
1969-12-31 19:00:44.993,7395.981611659131
1969-12-31 19:00:45.022,7444.213860442216
1969-12-31 19:00:45.050,7632.201255208093
1969-12-31 19:00:45.078,7710.373272416842
1969-12-31 19:00:45.106,8329.302491805662
1969-12-31 19:00:45.134,8541.452803826758
1969-12-31 19:00:45.162,8369.223619906448
1969-12-31 19:00:45.190,8060.221336911289
1969-12-31 19:00:45.218,7783.831447301515
1969-12-31 19:00:45.247,7854.468282449169
1969-12-31 19:00:45.275,7852.104940714942
1969-12-31 19:00:45.303,7989.849560536169
1969-12-31 19:00:45.331,7951.484892773173
1969-12-31 19:00:45.359,7940.950069103822
1969-12-31 19:00:45.387,7974.2625991373025
1969-12-31 19:00:45.415,8003.231347399624
1969-12-31 19:00:45.443,8302.335093213234
1969-12-31 19:00:45.472,8121.651063669258
1969-12-31 19:00:45.499,8038.849668951398
1969-12-31 19:00:45.526,8042.224567866779
1969-12-31 19:00:45.553,7698.2117403978955
1969-12-31 19:00:45.580,7771.78486578212
1969-12-31 19:00:45.607,7678.283141432074
1969-12-31 19:00:45.634,7675.998957790445
1969-12-31 19:00:45.661,7976.461370808486
1969-12-31 19:00:45.688,7690.825703394922
1969-12-31 19:00:45.715,7661.761677316777
1969-12-31 19:00:45.742,7777.135719530681
1969-12-31 19:00:45.770,8009.226679274348
1969-12-31 19:00:45.797,8558.863475952867
1969-12-31 19:00:45.824,8345.68343516575
1969-12-31 19:00:45.851,7949.762260596225
1969-12-31 19:00:45.878,7776.296290651482
1969-12-31 19:00:45.905,7835.966309269074
1969-12-31 19:00:45.932,7986.372393020501
1969-12-31 19:00:45.959,8316.953288314176
1969-12-31 19:00:45.986,8286.254642478712
1969-12-31 19:00:46.013,8182.322408705245
1969-12-31 19:00:46.040,8133.069285331338
1969-12-31 19:00:46.067,8121.004863931556
1969-12-31 19:00:46.095,8094.6876406690335
1969-12-31 19:00:46.122,7991.515500829614
1969-12-31 19:00:46.149,7970.2004993601
1969-12-31 19:00:46.176,8025.766505449807
1969-12-31 19:00:46.203,8219.858879567215
1969-12-31 19:00:46.230,8271.814311262071
1969-12-31 19:00:46.257,8175.7651629679285
1969-12-31 19:00:46.284,8119.475845151582
1969-12-31 19:00:46.311,7989.977722121633
1969-12-31 19:00:46.338,7995.022451500684
1969-12-31 19:00:46.365,8121.651063669258
1969-12-31 19:00:46.392,7979.589964402933
1969-12-31 19:00:46.420,8016.782396947045
1969-12-31 19:00:46.447,7974.503370116537
1969-12-31 19:00:46.474,7952.20925278001
1969-12-31 19:00:46.501,7962.825629134421
1969-12-31 19:00:46.528,7944.817681986164
1969-12-31 19:00:46.555,7948.039255061591
1969-12-31 19:00:46.582,7869.690718192171
1969-12-31 19:00:46.609,7990.410252296186
1969-12-31 19:00:46.636,7936.999937003906
1969-12-31 19:00:46.663,7993.997748310916
1969-12-31 19:00:46.690,7981.578791191628
1969-12-31 19:00:46.717,8014.131518761094
1969-12-31 19:00:46.745,8031.681268576337
1969-12-31 19:00:46.772,8095.209447568358
1969-12-31 19:00:46.799,7893.272071834342
1969-12-31 19:00:46.826,7923.409367185315
1969-12-31 19:00:46.853,7949.730058310156
1969-12-31 19:00:46.880,8030.884384673957
1969-12-31 19:00:46.907,8015.489005668962
1969-12-31 19:00:46.934,8214.235448293408
1969-12-31 19:00:46.961,8109.585439466065
1969-12-31 19:00:46.988,8130.283143900955
1969-12-31 19:00:47.015,7915.376428193418
1969-12-31 19:00:47.042,7989.449042330766
1969-12-31 19:00:47.070,8023.469573694412
1969-12-31 19:00:47.097,7996.895397590242
1969-12-31 19:00:47.124,8044.070611326084
1969-12-31 19:00:47.151,8058.982566056338
1969-12-31 19:00:47.178,8137.83656754054
1969-12-31 19:00:47.205,8068.601861537103
1969-12-31 19:00:47.232,8019.448360080636
1969-12-31 19:00:47.259,8000.351992256341
1969-12-31 19:00:47.286,8076.973690683906
1969-12-31 19:00:47.313,8017.357170539429
1969-12-31 19:00:47.340,7961.08937269266
1969-12-31 19:00:47.367,7964.6900755773295
1969-12-31 19:00:47.395,8019.592009572557
1969-12-31 19:00:47.422,7941.481977565648
1969-12-31 19:00:47.449,8000.895949829619
1969-12-31 19:00:47.476,7917.462219676201
1969-12-31 19:00:47.503,7914.632524634356
1969-12-31 19:00:47.530,8017.7243654293825
1969-12-31 19:00:47.557,8044.722990880419
1969-12-31 19:00:47.584,7950.9053572533485
1969-12-31 19:00:47.611,7899.691133202614
1969-12-31 19:00:47.638,8104.106613316486
1969-12-31 19:00:47.665,8024.953083975009
1969-12-31 19:00:47.692,8013.013415688258
1969-12-31 19:00:47.720,8011.911132807203
1969-12-31 19:00:47.747,7973.3957634122235
1969-12-31 19:00:47.774,8024.458611021681
1969-12-31 19:00:47.801,8012.91757102243
1969-12-31 19:00:47.828,8022.8314203901855
1969-12-31 19:00:47.855,8038.085344160013
1969-12-31 19:00:47.882,7991.227189862643
1969-12-31 19:00:47.909,7993.997748310916
1969-12-31 19:00:47.936,7913.840028709198
1969-12-31 19:00:47.963,7942.932455963603
1969-12-31 19:00:47.990,8004.014992489707
1969-12-31 19:00:48.017,8013.44470249842
1969-12-31 19:00:48.045,7998.159788351318
1969-12-31 19:00:48.072,7915.861545024648
1969-12-31 19:00:48.099,7976.8946338785245
1969-12-31 19:00:48.126,7980.4080096195585
1969-12-31 19:00:48.153,8001.8717810272365
1969-12-31 19:00:48.180,8002.87948178654
1969-12-31 19:00:48.207,8042.590627403585
1969-12-31 19:00:48.234,8022.209172042325
1969-12-31 19:00:48.261,7932.789673248623
1969-12-31 19:00:48.288,7956.135745448289
1969-12-31 19:00:48.315,7917.7208841938855
1969-12-31 19:00:48.342,7961.3305420639335
1969-12-31 19:00:48.370,7968.658607319051
1969-12-31 19:00:48.397,8055.821249258203
1969-12-31 19:00:48.424,8042.590627403585
1969-12-31 19:00:48.451,8018.71411137721
1969-12-31 19:00:48.478,8041.253633607138
1969-12-31 19:00:48.505,7937.75786982697
1969-12-31 19:00:48.532,7980.183456537826
1969-12-31 19:00:48.559,7959.015014434889
1969-12-31 19:00:48.586,7990.410252296186
1969-12-31 19:00:48.613,7991.579568520857
1969-12-31 19:00:48.640,8056.075471344592
1969-12-31 19:00:48.667,8014.131518761094
1969-12-31 19:00:48.695,8022.671874132707
1969-12-31 19:00:48.722,8017.820152635004
1969-12-31 19:00:48.749,8028.764288481759
1969-12-31 19:00:48.776,7950.792664885685
1969-12-31 19:00:48.803,8035.409634859943
1969-12-31 19:00:48.830,8000.895949829619
1969-12-31 19:00:48.857,8073.28037417257
1969-12-31 19:00:48.884,8041.683405854772
1969-12-31 19:00:48.911,7973.459976697694
1969-12-31 19:00:48.938,7992.140138911479
1969-12-31 19:00:48.965,7967.694773270372
1969-12-31 19:00:48.992,8022.8314203901855
1969-12-31 19:00:49.020,8011.591602172442
1969-12-31 19:00:49.047,7996.367175161481
1969-12-31 19:00:49.074,7945.445991258137
1969-12-31 19:00:49.101,8009.16275274763
1969-12-31 19:00:49.128,7972.512778290167
1969-12-31 19:00:49.155,8036.221997929127
1969-12-31 19:00:49.182,7957.728319061916
1969-12-31 19:00:49.209,7974.695981666009
1969-12-31 19:00:49.236,7975.7392133895655
1969-12-31 19:00:49.263,7954.4623954105155
1969-12-31 19:00:49.290,7960.880353327765
1969-12-31 19:00:49.317,8057.457663556167
1969-12-31 19:00:49.345,8012.91757102243
1969-12-31 19:00:49.372,8080.20593796965
1969-12-31 19:00:49.399,8045.8366873806235
1969-12-31 19:00:49.426,7953.416372855127
1969-12-31 19:00:49.453,7969.702629333167
1969-12-31 19:00:49.480,7961.3305420639335
1969-12-31 19:00:49.507,8004.014992489707
1969-12-31 19:00:49.534,8012.038941492983
1969-12-31 19:00:49.561,8061.047078388762
1969-12-31 19:00:49.588,8008.21977720392
1969-12-31 19:00:49.615,8117.236968328571
1969-12-31 19:00:49.642,8066.190178764694
1969-12-31 19:00:49.670,8072.899850735174
1969-12-31 19:00:49.697,8109.474952177854
1969-12-31 19:00:49.724,8011.14423787264
1969-12-31 19:00:49.751,7911.97977752724
1969-12-31 19:00:49.778,7873.609591540591
1969-12-31 19:00:49.805,7934.032014051872
1969-12-31 19:00:49.832,7999.935999743998
1969-12-31 19:00:49.859,8123.999015263357
1969-12-31 19:00:49.886,7986.628825731167
1969-12-31 19:00:49.913,7916.201109117934
1969-12-31 19:00:49.940,7952.659932374828
1969-12-31 19:00:49.968,7972.095333097817
1969-12-31 19:00:49.997,7854.41939292778
1969-12-31 19:00:50.025,7878.858800613196
1969-12-31 19:00:50.052,7530.239836817948
1969-12-31 19:00:50.079,6699.2823496252195
1969-12-31 19:00:50.106,6078.378731207854
1969-12-31 19:00:50.132,6868.231795738988
1969-12-31 19:00:50.159,8637.273643922601
1969-12-31 19:00:50.186,10069.89970158591
1969-12-31 19:00:50.213,9789.607550867398
1969-12-31 19:00:50.240,9564.213297496037
1969-12-31 19:00:50.267,8846.943879103112
1969-12-31 19:00:50.295,8130.897121474358
1969-12-31 19:00:50.322,7800.209227963055
1969-12-31 19:00:50.349,7985.4106970149005
1969-12-31 19:00:50.376,8113.072907351443
1969-12-31 19:00:50.403,7984.705379661795
1969-12-31 19:00:50.430,8065.317352714647
1969-12-31 19:00:50.457,8180.507563715102
1969-12-31 19:00:50.484,8296.628712917072
1969-12-31 19:00:50.511,8088.217603403114
1969-12-31 19:00:50.538,7996.063031267325
1969-12-31 19:00:50.565,8160.56468634371
1969-12-31 19:00:50.591,8598.135611863772
1969-12-31 19:00:50.618,8696.305422419338
1969-12-31 19:00:50.646,9193.542081265523
1969-12-31 19:00:50.673,10631.563572682995
1969-12-31 19:00:50.701,9053.8654728243
1969-12-31 19:00:50.728,8765.868354019469
1969-12-31 19:00:50.755,8444.68116627265
1969-12-31 19:00:50.782,8994.462296324333
1969-12-31 19:00:50.809,9363.226794220036
1969-12-31 19:00:50.836,7762.836594956769
1969-12-31 19:00:50.862,7410.090417801931
1969-12-31 19:00:50.888,7441.4622219023595
1969-12-31 19:00:50.915,7703.065363866517
1969-12-31 19:00:50.942,7442.975748986422
1969-12-31 19:00:50.970,6826.002050981233
1969-12-31 19:00:50.997,5854.688377702096
1969-12-31 19:00:51.024,5292.6394171528445
1969-12-31 19:00:51.051,5534.72817760728
1969-12-31 19:00:51.078,5819.734701857122
1969-12-31 19:00:51.105,6298.677956523893
1969-12-31 19:00:51.132,6666.933328000213
1969-12-31 19:00:51.159,6886.489962237656
1969-12-31 19:00:51.186,7381.689779447522
1969-12-31 19:00:51.213,8321.261442834253
1969-12-31 19:00:51.241,9387.378760868232
1969-12-31 19:00:51.269,9509.358758612487
1969-12-31 19:00:51.298,10340.519135904155
1969-12-31 19:00:51.325,13279.315645017254
1969-12-31 19:00:51.353,13239.775224678098
1969-12-31 19:00:51.382,10248.196719423373
1969-12-31 19:00:51.410,9318.787904014127
1969-12-31 19:00:51.437,8864.303243910375
1969-12-31 19:00:51.464,8312.011549558867
1969-12-31 19:00:51.491,8803.91185780503
1969-12-31 19:00:51.518,9219.37438224525
1969-12-31 19:00:51.546,9027.60211794915
1969-12-31 19:00:51.573,7485.982634230459
1969-12-31 19:00:51.599,6815.286347615924
1969-12-31 19:00:51.625,6677.235356043697
1969-12-31 19:00:51.651,6585.103188257569
1969-12-31 19:00:51.678,6842.18444650537
1969-12-31 19:00:51.705,7036.380887928111
1969-12-31 19:00:51.732,7092.332761510842
1969-12-31 19:00:51.759,7247.205254441191
1969-12-31 19:00:51.786,7979.541841484384
1969-12-31 19:00:51.813,8878.616108380855
1969-12-31 19:00:51.840,9508.22801577665
1969-12-31 19:00:51.867,9694.481729313848
1969-12-31 19:00:51.894,8788.545272114152
1969-12-31 19:00:51.922,10673.46316806312
1969-12-31 19:00:51.950,9687.785299024747
1969-12-31 19:00:51.977,7915.683672305255
1969-12-31 19:00:52.004,8067.380243920576
1969-12-31 19:00:52.031,7582.885994131786
1969-12-31 19:00:52.058,8214.173117240713
1969-12-31 19:00:52.086,8771.663468236797
1969-12-31 19:00:52.114,8559.147621112746
1969-12-31 19:00:52.142,8451.968764731682
1969-12-31 19:00:52.169,6995.202927721254
1969-12-31 19:00:52.198,6471.381923515255
1969-12-31 19:00:52.225,6080.610495665711
1969-12-31 19:00:52.252,6223.670942458318
1969-12-31 19:00:52.279,6410.3915637034215
1969-12-31 19:00:52.306,6816.845018041704
1969-12-31 19:00:52.333,7222.258926402459
1969-12-31 19:00:52.361,7417.56617766232
1969-12-31 19:00:52.389,7878.728831480367
1969-12-31 19:00:52.417,8685.303448930268
1969-12-31 19:00:52.446,9620.43159115016
1969-12-31 19:00:52.474,10613.416415085201
1969-12-31 19:00:52.502,11579.015502191885
1969-12-31 19:00:52.531,14895.26958467016
1969-12-31 19:00:52.560,13226.784945707706
1969-12-31 19:00:52.589,12289.052038298154
1969-12-31 19:00:52.618,8404.40265575133
1969-12-31 19:00:52.647,7787.80996172865
1969-12-31 19:00:52.674,8412.546820077734
1969-12-31 19:00:52.701,9128.066607995364
1969-12-31 19:00:52.728,9267.591704428934
1969-12-31 19:00:52.755,8435.885252894328
1969-12-31 19:00:52.782,7608.214508016977
1969-12-31 19:00:52.809,7084.3873411890745
1969-12-31 19:00:52.835,7058.321613528247
1969-12-31 19:00:52.863,6972.935106538709
1969-12-31 19:00:52.888,7539.396262301114
1969-12-31 19:00:52.915,7427.740437037363
1969-12-31 19:00:52.942,7660.458471919288
1969-12-31 19:00:52.969,8126.188774573232
1969-12-31 19:00:52.997,8668.29441124377
1969-12-31 19:00:53.025,9070.123262668485
1969-12-31 19:00:53.051,8631.269663265075
1969-12-31 19:00:53.078,7306.063235423027
1969-12-31 19:00:53.105,8565.396429821565
1969-12-31 19:00:53.131,9743.185516041456
1969-12-31 19:00:53.158,9013.639442533742
1969-12-31 19:00:53.185,9030.30985071941
1969-12-31 19:00:53.213,7953.223245955064
1969-12-31 19:00:53.241,8016.718530670763
1969-12-31 19:00:53.269,7909.957269163974
1969-12-31 19:00:53.298,7818.19007187725
1969-12-31 19:00:53.326,7483.947621409439
1969-12-31 19:00:53.353,7124.870244432525
1969-12-31 19:00:53.380,7112.8953317197065
1969-12-31 19:00:53.407,7291.612715990887
1969-12-31 19:00:53.434,7178.563644629753
1969-12-31 19:00:53.461,7907.124888352277
1969-12-31 19:00:53.488,8325.259875823696
1969-12-31 19:00:53.515,8040.680568210629
1969-12-31 19:00:53.542,8084.766910678378
1969-12-31 19:00:53.569,8035.170688915077
1969-12-31 19:00:53.597,8813.22642396075
1969-12-31 19:00:53.625,10112.784779673697
1969-12-31 19:00:53.653,10955.2807357913
1969-12-31 19:00:53.681,11368.909182502955
1969-12-31 19:00:53.709,11929.199134895855
1969-12-31 19:00:53.738,12109.473977014857
1969-12-31 19:00:53.767,10177.911770102943
1969-12-31 19:00:53.796,7999.823998063957
1969-12-31 19:00:53.823,7881.2953250084465
1969-12-31 19:00:53.850,8665.370159433467
1969-12-31 19:00:53.877,9276.3027117489
1969-12-31 19:00:53.904,9309.676686115366
1969-12-31 19:00:53.930,9043.680666631259
1969-12-31 19:00:53.957,8080.1425729995635
1969-12-31 19:00:53.984,7627.453572457849
1969-12-31 19:00:54.011,7234.318212520099
1969-12-31 19:00:54.038,7483.006882263306
1969-12-31 19:00:54.065,7443.09612997172
1969-12-31 19:00:54.091,7220.415500509649
1969-12-31 19:00:54.117,7510.768802193288
1969-12-31 19:00:54.144,7889.768564413027
1969-12-31 19:00:54.171,8557.906286002435
1969-12-31 19:00:54.196,8884.755483410896
1969-12-31 19:00:54.223,8958.485586303077
1969-12-31 19:00:54.250,8835.839745038385
1969-12-31 19:00:54.277,8711.246983067349
1969-12-31 19:00:54.304,10842.004242758809
1969-12-31 19:00:54.332,9673.333241442682
1969-12-31 19:00:54.359,7019.187417358223
1969-12-31 19:00:54.387,6670.77206925855
1969-12-31 19:00:54.415,8440.602822073788
1969-12-31 19:00:54.443,9630.644422882615
1969-12-31 19:00:54.472,9437.369124920355
1969-12-31 19:00:54.499,8816.580743122586
1969-12-31 19:00:54.527,7659.389009575111
1969-12-31 19:00:54.554,7410.366792541378
1969-12-31 19:00:54.581,7462.572210705904
1969-12-31 19:00:54.608,6957.130442934069
1969-12-31 19:00:54.635,6790.223560384445
1969-12-31 19:00:54.662,7241.727970588236
1969-12-31 19:00:54.689,7425.896309537321
1969-12-31 19:00:54.716,7448.803393834475
1969-12-31 19:00:54.744,7807.344234757425
1969-12-31 19:00:54.772,9356.525850976954
1969-12-31 19:00:54.800,10831.680940648132
1969-12-31 19:00:54.828,11183.748208896694
1969-12-31 19:00:54.856,10431.521461416834
1969-12-31 19:00:54.883,12950.030733554264
1969-12-31 19:00:54.911,12057.335028935706
1969-12-31 19:00:54.940,9381.24085609148
1969-12-31 19:00:54.967,9944.254220402856
1969-12-31 19:00:54.994,9276.330308909875
1969-12-31 19:00:55.022,9533.610438863128
1969-12-31 19:00:55.050,9753.361676878389
1969-12-31 19:00:55.077,9682.168352182274
1969-12-31 19:00:55.104,8975.187128968399
1969-12-31 19:00:55.130,8325.936343739364
1969-12-31 19:00:55.158,7725.94589678183
1969-12-31 19:00:55.186,7301.348916467422
1969-12-31 19:00:55.214,7288.996638769975
1969-12-31 19:00:55.241,7161.228944811079
1969-12-31 19:00:55.269,7096.121757692718
1969-12-31 19:00:55.298,7394.925827890365
1969-12-31 19:00:55.326,8010.201495592979
1969-12-31 19:00:55.354,8637.881221688569
1969-12-31 19:00:55.380,8748.89890214763
1969-12-31 19:00:55.405,8544.629190315985
1969-12-31 19:00:55.432,8302.22717106681
1969-12-31 19:00:55.459,8709.189629351287
1969-12-31 19:00:55.486,10712.821477089965
1969-12-31 19:00:55.514,9847.528827071286
1969-12-31 19:00:55.541,7099.27770973921
1969-12-31 19:00:55.569,7086.88027272932
1969-12-31 19:00:55.598,8924.802294729
1969-12-31 19:00:55.625,9845.214878305094
1969-12-31 19:00:55.653,9335.365873922672
1969-12-31 19:00:55.680,8694.774522665899
1969-12-31 19:00:55.707,7485.709051252259
1969-12-31 19:00:55.734,6738.8117646956125
1969-12-31 19:00:55.761,7197.475112843392
1969-12-31 19:00:55.788,7338.455423316272
1969-12-31 19:00:55.815,7538.768069121108
1969-12-31 19:00:55.842,7631.127832764958
1969-12-31 19:00:55.869,7592.164381782049
1969-12-31 19:00:55.897,7483.571339941913
1969-12-31 19:00:55.924,7899.3670632526
1969-12-31 19:00:55.951,8868.157869591632
1969-12-31 19:00:55.979,9975.137091789766
1969-12-31 19:00:56.007,10237.624724514959
1969-12-31 19:00:56.034,11472.055787869931
1969-12-31 19:00:56.061,13641.780528948559
1969-12-31 19:00:56.089,14056.352869788094
1969-12-31 19:00:56.118,10952.569744128545
1969-12-31 19:00:56.146,9196.04784676548
1969-12-31 19:00:56.173,7943.754276159352
1969-12-31 19:00:56.200,8429.646730438944
1969-12-31 19:00:56.228,9278.634382278462
1969-12-31 19:00:56.255,9360.49229474604
1969-12-31 19:00:56.282,9238.763553636385
1969-12-31 19:00:56.308,8634.457481509768
1969-12-31 19:00:56.336,8034.660913815841
1969-12-31 19:00:56.364,7699.50855574562
1969-12-31 19:00:56.392,7544.3011604786825
1969-12-31 19:00:56.419,6957.884736038676
1969-12-31 19:00:56.447,6771.100944455045
1969-12-31 19:00:56.475,6713.997319034317
1969-12-31 19:00:56.503,7058.611761529316
1969-12-31 19:00:56.531,7781.611144229709
1969-12-31 19:00:56.559,8293.959247548784
1969-12-31 19:00:56.587,8596.646788137803
1969-12-31 19:00:56.614,8583.638389401081
1969-12-31 19:00:56.641,8250.075393594898
1969-12-31 19:00:56.668,8225.525150408332
1969-12-31 19:00:56.696,10658.798431343
1969-12-31 19:00:56.724,8373.260296921386
1969-12-31 19:00:56.751,8040.807919606089
1969-12-31 19:00:56.779,7298.315422068301
1969-12-31 19:00:56.807,8353.792911007551
1969-12-31 19:00:56.835,9698.177973207132
1969-12-31 19:00:56.863,9638.76174619956
1969-12-31 19:00:56.890,9585.175220099005
1969-12-31 19:00:56.917,8870.034047285275
1969-12-31 19:00:56.944,7797.107155862359
1969-12-31 19:00:56.972,7367.561333304257
1969-12-31 19:00:56.999,7324.2086261930035
1969-12-31 19:00:57.026,6878.753375430754
1969-12-31 19:00:57.053,6446.133724954828
1969-12-31 19:00:57.080,6646.70504836795
1969-12-31 19:00:57.107,6654.788351255057
1969-12-31 19:00:57.134,7237.130923231941
1969-12-31 19:00:57.161,7605.993426239599
1969-12-31 19:00:57.189,8518.974586181133
1969-12-31 19:00:57.217,9616.266219276586
1969-12-31 19:00:57.246,10307.589436914917
1969-12-31 19:00:57.274,10016.217250040057
1969-12-31 19:00:57.301,10385.479093426553
1969-12-31 19:00:57.328,13572.716161476303
1969-12-31 19:00:57.357,12277.578914427713
1969-12-31 19:00:57.385,9991.048793795375
1969-12-31 19:00:57.412,8278.233628015098
1969-12-31 19:00:57.439,8783.591975951524
1969-12-31 19:00:57.465,9423.782680007005
1969-12-31 19:00:57.491,9438.833826273243
1969-12-31 19:00:57.518,9834.53506781078
1969-12-31 19:00:57.544,9179.064876118917
1969-12-31 19:00:57.573,8633.419716427552
1969-12-31 19:00:57.601,8574.58197231795
1969-12-31 19:00:57.629,7721.438208002444
1969-12-31 19:00:57.656,7490.461134002366
1969-12-31 19:00:57.684,7091.466420987975
1969-12-31 19:00:57.712,6925.579253751992
1969-12-31 19:00:57.740,6896.464021511313
1969-12-31 19:00:57.768,6955.824034577068
1969-12-31 19:00:57.797,7418.2736536204975
1969-12-31 19:00:57.822,7756.700329392647
1969-12-31 19:00:57.848,8144.062868126694
1969-12-31 19:00:57.875,8099.540727720307
1969-12-31 19:00:57.902,7108.142936098007
1969-12-31 19:00:57.929,8994.106514824027
1969-12-31 19:00:57.956,10482.662257270335
1969-12-31 19:00:57.983,8771.590505717877
1969-12-31 19:00:58.011,8751.926873551904
1969-12-31 19:00:58.039,8451.36296700124
1969-12-31 19:00:58.067,8698.321677197275
1969-12-31 19:00:58.096,9981.256033185402
1969-12-31 19:00:58.124,9573.429897377428
1969-12-31 19:00:58.152,9482.872138756275
1969-12-31 19:00:58.180,9170.456913371328
1969-12-31 19:00:58.207,8277.877988953449
1969-12-31 19:00:58.234,7629.215424930666
1969-12-31 19:00:58.261,7274.019521557528
1969-12-31 19:00:58.288,6981.594087312725
1969-12-31 19:00:58.314,6951.1852226796545
1969-12-31 19:00:58.341,6833.124029314849
1969-12-31 19:00:58.368,6591.242674943777
1969-12-31 19:00:58.396,6388.870322678337
1969-12-31 19:00:58.423,7381.360308235874
1969-12-31 19:00:58.450,8006.429416412787
1969-12-31 19:00:58.477,9006.877372319443
1969-12-31 19:00:58.505,10000.371193110785
1969-12-31 19:00:58.533,9833.767131674413
1969-12-31 19:00:58.561,10341.138041821123
1969-12-31 19:00:58.588,14411.45322304451
1969-12-31 19:00:58.616,12758.873931503516
1969-12-31 19:00:58.646,8879.754951573832
1969-12-31 19:00:58.671,8179.1461657070295
1969-12-31 19:00:58.698,8515.623288990653
1969-12-31 19:00:58.723,9041.373347008739
1969-12-31 19:00:58.751,9860.025152097736
1969-12-31 19:00:58.779,10171.797874515596
1969-12-31 19:00:58.807,9995.186041290077
1969-12-31 19:00:58.835,9444.54128054931
1969-12-31 19:00:58.863,8901.796672582452
1969-12-31 19:00:58.891,8635.999073645156
1969-12-31 19:00:58.919,9024.198579375345
1969-12-31 19:00:58.948,9451.775706183469
1969-12-31 19:00:58.976,9374.498173235728
1969-12-31 19:00:59.004,9396.591722534293
1969-12-31 19:00:59.032,7997.583635073784
1969-12-31 19:00:59.060,7156.615960074985
1969-12-31 19:00:59.087,6107.85199558732
1969-12-31 19:00:59.114,5194.976034593423
1969-12-31 19:00:59.140,4643.005922890902
1969-12-31 19:00:59.167,4457.629863503698
1969-12-31 19:00:59.194,3829.7864170211897
1969-12-31 19:00:59.222,2908.6574222482786
1969-12-31 19:00:59.249,2245.7640125356
1969-12-31 19:00:59.276,2851.1892255688676
1969-12-31 19:00:59.303,4700.651869687863
1969-12-31 19:00:59.331,7966.216667904533
1969-12-31 19:00:59.359,9920.799967744537
1969-12-31 19:00:59.386,9749.345003639988
1969-12-31 19:00:59.413,15595.17463832964
1969-12-31 19:00:59.442,15889.031185066004
1969-12-31 19:00:59.472,15364.216088040417
1969-12-31 19:00:59.501,15093.23345078847
1969-12-31 19:00:59.529,15171.459521087614
1969-12-31 19:00:59.558,11510.874163155464
1969-12-31 19:00:59.586,10057.880492429804
1969-12-31 19:00:59.614,8470.2283322234
1969-12-31 19:00:59.642,7824.785236669439
1969-12-31 19:00:59.669,6992.01830661219
1969-12-31 19:00:59.694,6874.602533965145
1969-12-31 19:00:59.722,7200.106665876555
1969-12-31 19:00:59.749,7500.075732950968
1969-12-31 19:00:59.776,7133.308909615509
1969-12-31 19:00:59.803,7099.494066481076
1969-12-31 19:00:59.829,7575.894402643163
1969-12-31 19:00:59.856,8083.1518605059
1969-12-31 19:00:59.883,9023.475162042616
1969-12-31 19:00:59.910,9573.897847794282
1969-12-31 19:00:59.938,8764.466441261557
1969-12-31 19:00:59.966,7559.4878133376205
1969-12-31 19:00:59.994,7389.852501910982
1969-12-31 19:01:00.023,7383.926326826399
1969-12-31 19:01:00.050,9225.689350937413
1969-12-31 19:01:00.077,9560.317986343342
1969-12-31 19:01:00.104,9096.981477391279
1969-12-31 19:01:00.131,8132.439732331251
1969-12-31 19:01:00.158,7438.520282959508
1969-12-31 19:01:00.185,7503.454137928745
1969-12-31 19:01:00.212,8382.137197636412
1969-12-31 19:01:00.239,8839.040671928147
1969-12-31 19:01:00.266,9084.238658247592
1969-12-31 19:01:00.293,9012.716349691695
1969-12-31 19:01:00.321,8691.358466891123
1969-12-31 19:01:00.348,8134.202357945123
1969-12-31 19:01:00.375,7737.220172645987
1969-12-31 19:01:00.402,7581.7380593106745
1969-12-31 19:01:00.429,7895.866260265558
1969-12-31 19:01:00.456,8236.208836594662
1969-12-31 19:01:00.483,8314.213372292053
1969-12-31 19:01:00.510,8061.348770522213
1969-12-31 19:01:00.537,7640.783205928565
1969-12-31 19:01:00.564,7262.519672950979
1969-12-31 19:01:00.591,7096.229984999077
1969-12-31 19:01:00.618,7027.789410618391
1969-12-31 19:01:00.646,7207.391761240678
1969-12-31 19:01:00.673,7397.798591473006
1969-12-31 19:01:00.700,7626.094151005481
1969-12-31 19:01:00.727,7647.012488547407
1969-12-31 19:01:00.754,7714.6053690386525
1969-12-31 19:01:00.782,8065.936275473542
1969-12-31 19:01:00.810,8290.192760123253
1969-12-31 19:01:00.838,8519.77088893827
1969-12-31 19:01:00.866,8488.04147020972
1969-12-31 19:01:00.894,8636.028716950865
1969-12-31 19:01:00.923,8581.87858222196
1969-12-31 19:01:00.951,8676.279386926173
1969-12-31 19:01:00.979,8551.756778580644
1969-12-31 19:01:01.006,8424.132952417121
1969-12-31 19:01:01.033,8299.97590357948
1969-12-31 19:01:01.060,8244.953850689524
1969-12-31 19:01:01.087,8254.961174954125
1969-12-31 19:01:01.114,8181.884379530183
1969-12-31 19:01:01.141,8075.895987443127
1969-12-31 19:01:01.168,8059.490802774081
1969-12-31 19:01:01.196,8097.296338902263
1969-12-31 19:01:01.223,8130.582266972028
1969-12-31 19:01:01.250,7841.077476979806
1969-12-31 19:01:01.277,8164.876973965988
1969-12-31 19:01:01.304,8237.514188151667
1969-12-31 19:01:01.331,8147.017122849319
1969-12-31 19:01:01.358,8254.728584272169
1969-12-31 19:01:01.385,8167.181153862084
1969-12-31 19:01:01.412,8100.330857440331
1969-12-31 19:01:01.439,8098.671495992414
1969-12-31 19:01:01.466,8045.661688139764
1969-12-31 19:01:01.493,7991.579568520857
1969-12-31 19:01:01.521,7915.764524036828
1969-12-31 19:01:01.548,8111.573953308938
1969-12-31 19:01:01.575,8129.842310893859
1969-12-31 19:01:01.602,8118.009608272215
1969-12-31 19:01:01.629,8121.493458718045
1969-12-31 19:01:01.656,8216.588099691988
1969-12-31 19:01:01.683,8175.9373774509795
1969-12-31 19:01:01.710,8186.951569418253
1969-12-31 19:01:01.737,8205.629287263713
1969-12-31 19:01:01.764,8143.371292038697
1969-12-31 19:01:01.791,8071.02868288795
1969-12-31 19:01:01.818,8022.528279788112
1969-12-31 19:01:01.846,8014.85021694105
1969-12-31 19:01:01.873,7922.359244568502
1969-12-31 19:01:01.900,7927.285537937939
1969-12-31 19:01:01.927,7810.901100385281
1969-12-31 19:01:01.954,7754.373217739781
1969-12-31 19:01:01.981,7824.0
1969-12-31 19:01:02.008,7730.633091797851
1969-12-31 19:01:02.035,7647.0627040714135
1969-12-31 19:01:02.062,7801.275793099485
1969-12-31 19:01:02.089,7884.526618637291
1969-12-31 19:01:02.116,7712.630679606019
1969-12-31 19:01:02.143,7932.047402783219
1969-12-31 19:01:02.171,7992.092091561508
1969-12-31 19:01:02.198,8069.125355328172
1969-12-31 19:01:02.225,8151.24235929714
1969-12-31 19:01:02.252,8085.716789499865
1969-12-31 19:01:02.279,8044.500233078497
1969-12-31 19:01:02.306,7997.135487160387
1969-12-31 19:01:02.333,8100.899703119401
1969-12-31 19:01:02.360,8091.951556948423
1969-12-31 19:01:02.387,8115.155204923686
1969-12-31 19:01:02.414,8174.324681586852
1969-12-31 19:01:02.441,8117.236968328571
1969-12-31 19:01:02.468,8117.378887300999
1969-12-31 19:01:02.496,8044.818456621629
1969-12-31 19:01:02.523,8197.529383905861
1969-12-31 19:01:02.550,7961.555626885992
1969-12-31 19:01:02.577,8048.826995283226
1969-12-31 19:01:02.604,8225.229480081392
1969-12-31 19:01:02.631,8081.5364875746245
1969-12-31 19:01:02.658,8085.336851362471
1969-12-31 19:01:02.685,8070.3625693025715
1969-12-31 19:01:02.712,8118.056910369623
1969-12-31 19:01:02.739,8107.991119876736
1969-12-31 19:01:02.766,8052.45204891032
1969-12-31 19:01:02.793,8037.193540036224
1969-12-31 19:01:02.821,7987.1256406795055
1969-12-31 19:01:02.848,7955.250844568008
1969-12-31 19:01:02.875,7995.694841600697
1969-12-31 19:01:02.902,8022.671874132707
1969-12-31 19:01:02.929,8069.997769516421
1969-12-31 19:01:02.956,8010.201495592979
1969-12-31 19:01:02.983,7977.13532541601
1969-12-31 19:01:03.010,8041.062616346176
1969-12-31 19:01:03.037,8012.374429593265
1969-12-31 19:01:03.064,8007.228734087718
1969-12-31 19:01:03.091,7981.723122233695
1969-12-31 19:01:03.118,7991.579568520857
1969-12-31 19:01:03.146,7917.494553203052
1969-12-31 19:01:03.173,7808.475395363681
1969-12-31 19:01:03.200,7799.372282434017
1969-12-31 19:01:03.227,7818.681218722247
1969-12-31 19:01:03.254,7959.208000800079
1969-12-31 19:01:03.281,7861.733142253049
1969-12-31 19:01:03.308,7987.670498962761
1969-12-31 19:01:03.335,7936.8064106414995
1969-12-31 19:01:03.362,8011.064348761655
1969-12-31 19:01:03.389,7920.420190873714
1969-12-31 19:01:03.416,8086.840668641865
1969-12-31 19:01:03.443,7957.149238263663
1969-12-31 19:01:03.471,8073.787710857897
1969-12-31 19:01:03.498,8066.42820584179
1969-12-31 19:01:03.525,8045.8366873806235
1969-12-31 19:01:03.552,8049.9083224593305
1969-12-31 19:01:03.579,8017.421031728345
1969-12-31 19:01:03.606,8093.69137044402
1969-12-31 19:01:03.633,8094.703453493525
1969-12-31 19:01:03.660,8121.335850708306
1969-12-31 19:01:03.687,8102.842957875958
1969-12-31 19:01:03.714,8074.4376893998015
1969-12-31 19:01:03.741,8089.625949325469
1969-12-31 19:01:03.768,8081.4731330370705
1969-12-31 19:01:03.796,8059.776671843953
1969-12-31 19:01:03.823,8009.801995055808
1969-12-31 19:01:03.850,7980.536322829437
1969-12-31 19:01:03.877,7916.136431365998
1969-12-31 19:01:03.904,7969.365344869063
1969-12-31 19:01:03.931,8028.7961737735
1969-12-31 19:01:03.958,7993.469334400426
1969-12-31 19:01:03.985,8146.702891354269
1969-12-31 19:01:04.012,8012.406380108288
1969-12-31 19:01:04.039,7958.709443119531
1969-12-31 19:01:04.066,7852.545065136525
1969-12-31 19:01:04.093,7878.988767602096
1969-12-31 19:01:04.121,7977.664821236851
1969-12-31 19:01:04.148,7976.220658933653
1969-12-31 19:01:04.175,8041.062616346176
1969-12-31 19:01:04.202,8028.365711650161
1969-12-31 19:01:04.229,7967.003953808483
1969-12-31 19:01:04.256,7882.659449703508
1969-12-31 19:01:04.283,7969.172604480342
1969-12-31 19:01:04.310,7872.048780336667
1969-12-31 19:01:04.337,7932.6928593006805
1969-12-31 19:01:04.364,7905.246865215532
1969-12-31 19:01:04.391,7922.989334840733
1969-12-31 19:01:04.418,8003.231347399624
1969-12-31 19:01:04.446,8007.436543613692
1969-12-31 19:01:04.473,8034.836152654266
1969-12-31 19:01:04.500,8168.62289495604
1969-12-31 19:01:04.527,8074.073073734223
1969-12-31 19:01:04.554,8033.880258007335
1969-12-31 19:01:04.581,8107.643800759873
1969-12-31 19:01:04.608,7960.3658207396475
1969-12-31 19:01:04.635,8015.009918895921
1969-12-31 19:01:04.662,7985.98772851549
1969-12-31 19:01:04.689,8065.031680036973
1969-12-31 19:01:04.716,8057.1717122077025
1969-12-31 19:01:04.743,8082.977669151388
1969-12-31 19:01:04.771,8037.193540036224
1969-12-31 19:01:04.798,8000.895949829619
1969-12-31 19:01:04.825,8184.965729922148
1969-12-31 19:01:04.852,8356.519849793933
1969-12-31 19:01:04.879,8701.558481099808
1969-12-31 19:01:04.906,8716.725990875244
1969-12-31 19:01:04.933,8565.515979787791
1969-12-31 19:01:04.960,8277.429552705356
1969-12-31 19:01:04.988,7999.759996399892
1969-12-31 19:01:05.016,7725.084336109218
1969-12-31 19:01:05.044,7566.511481521719
1969-12-31 19:01:05.073,7645.572836615972
1969-12-31 19:01:05.101,7730.384725225517
1969-12-31 19:01:05.129,7555.880359031633
1969-12-31 19:01:05.157,7602.4922229489985
1969-12-31 19:01:05.185,7509.456438384872
1969-12-31 19:01:05.213,7690.5760512460965
1969-12-31 19:01:05.241,7602.290181254593
1969-12-31 19:01:05.269,7563.465872204356
1969-12-31 19:01:05.298,7623.307418699576
1969-12-31 19:01:05.326,7779.110488995512
1969-12-31 19:01:05.354,7906.15355277141
1969-12-31 19:01:05.381,7972.127445042509
1969-12-31 19:01:05.408,7870.617764826342
1969-12-31 19:01:05.436,7882.172289413624
1969-12-31 19:01:05.464,7835.394565687167
1969-12-31 19:01:05.492,8009.786014619866
1969-12-31 19:01:05.517,8152.734019946928
1969-12-31 19:01:05.543,8202.649328113448
1969-12-31 19:01:05.569,8153.691679233401
1969-12-31 19:01:05.597,7983.519023588533
1969-12-31 19:01:05.624,8118.293416722508
1969-12-31 19:01:05.651,8200.58924712121
1969-12-31 19:01:05.678,8278.12539165722
1969-12-31 19:01:05.705,8236.037882380095
1969-12-31 19:01:05.732,8161.897818522357
1969-12-31 19:01:05.759,8082.059143559889
1969-12-31 19:01:05.786,8083.246872389832
1969-12-31 19:01:05.813,8019.655852965263
1969-12-31 19:01:05.840,8032.509943971436
1969-12-31 19:01:05.867,8056.774540720375
1969-12-31 19:01:05.894,7962.664880553495
1969-12-31 19:01:05.922,8002.511605739788
1969-12-31 19:01:05.949,8041.906241681757
1969-12-31 19:01:05.976,7882.9679689822415
1969-12-31 19:01:06.003,8083.199366587465
1969-12-31 19:01:06.030,7855.641539683439
1969-12-31 19:01:06.057,8001.071928185623
1969-12-31 19:01:06.084,8023.788631313763
1969-12-31 19:01:06.111,7882.838067599765
1969-12-31 19:01:06.138,8049.828818055698
1969-12-31 19:01:06.165,8032.876446205307
1969-12-31 19:01:06.192,8001.439870423323
1969-12-31 19:01:06.219,8071.74231501477
1969-12-31 19:01:06.247,8130.4405784680575
1969-12-31 19:01:06.274,7778.435832479432
1969-12-31 19:01:06.301,7550.237082370328
1969-12-31 19:01:06.328,7368.499440184548
1969-12-31 19:01:06.355,7652.935645881259
1969-12-31 19:01:06.382,8165.551053052084
1969-12-31 19:01:06.409,8573.880335064165
1969-12-31 19:01:06.436,8757.278115944475
1969-12-31 19:01:06.463,8688.103130142967
1969-12-31 19:01:06.490,8440.572492432015
1969-12-31 19:01:06.517,8000.159998400032
1969-12-31 19:01:06.543,7714.2237457828505
1969-12-31 19:01:06.569,7607.844372751062
1969-12-31 19:01:06.596,7788.960392761026
1969-12-31 19:01:06.623,7746.594606664273
1969-12-31 19:01:06.650,7638.52132287395
1969-12-31 19:01:06.677,7758.0533640856065
1969-12-31 19:01:06.704,7776.230449260104
1969-12-31 19:01:06.731,7839.689789781226
1969-12-31 19:01:06.758,8001.31189243364
1969-12-31 19:01:06.785,8131.227705580504
1969-12-31 19:01:06.812,8121.966264396818
1969-12-31 19:01:06.838,8174.935351426334
1969-12-31 19:01:06.865,8160.078430995623
1969-12-31 19:01:06.892,7997.311548264204
1969-12-31 19:01:06.919,8919.077979253238
1969-12-31 19:01:06.947,9886.951400709928
1969-12-31 19:01:06.974,9360.328199374208
1969-12-31 19:01:07.001,8693.30224943318
1969-12-31 19:01:07.028,8317.5073189027
1969-12-31 19:01:07.055,8201.088708214294
1969-12-31 19:01:07.082,8538.080346307359
1969-12-31 19:01:07.110,8243.509932061706
1969-12-31 19:01:07.138,7482.322634048869
1969-12-31 19:01:07.165,7118.435783232156
1969-12-31 19:01:07.192,7196.194549899273
1969-12-31 19:01:07.221,7833.172537356751
1969-12-31 19:01:07.249,8118.624514041772
1969-12-31 19:01:07.276,8080.063366088165
1969-12-31 19:01:07.304,7895.331278673492
1969-12-31 19:01:07.332,7125.121753345693
1969-12-31 19:01:07.360,7014.663498700419
1969-12-31 19:01:07.388,7209.824408402746
1969-12-31 19:01:07.416,7551.10164148252
1969-12-31 19:01:07.444,7664.734829072692
1969-12-31 19:01:07.473,7505.705563103312
1969-12-31 19:01:07.501,7343.721127602817
1969-12-31 19:01:07.529,7229.645634469231
1969-12-31 19:01:07.557,7093.217041653244
1969-12-31 19:01:07.585,7256.983395323431
1969-12-31 19:01:07.613,7275.004879723449
1969-12-31 19:01:07.641,7856.39102896489
1969-12-31 19:01:07.669,8252.80558355763
1969-12-31 19:01:07.697,9770.342061565705
1969-12-31 19:01:07.724,10855.230628595598
1969-12-31 19:01:07.752,9721.53732698692
1969-12-31 19:01:07.779,9528.238452095959
1969-12-31 19:01:07.806,9073.199215271316
1969-12-31 19:01:07.833,8476.119867014624
1969-12-31 19:01:07.860,8235.587167895195
1969-12-31 19:01:07.887,8039.2318040967075
1969-12-31 19:01:07.914,7595.687197350876
1969-12-31 19:01:07.941,7793.576842503062
1969-12-31 19:01:07.968,8058.029535810849
1969-12-31 19:01:07.994,8086.983121040875
1969-12-31 19:01:08.022,8125.275133803162
1969-12-31 19:01:08.048,7956.20009803675
1969-12-31 19:01:08.074,7740.3793188706195
1969-12-31 19:01:08.100,7655.310313762598
1969-12-31 19:01:08.126,7691.857512980853
1969-12-31 19:01:08.153,7950.985850823783
1969-12-31 19:01:08.180,7998.559870376666
1969-12-31 19:01:08.206,7909.13193719766
1969-12-31 19:01:08.233,7938.741461969901
1969-12-31 19:01:08.260,7813.833886127859
1969-12-31 19:01:08.287,7957.149238263663
1969-12-31 19:01:08.313,7864.419113958767
1969-12-31 19:01:08.340,7835.574261022609
1969-12-31 19:01:08.366,7895.720359789852
1969-12-31 19:01:08.393,7939.225151108892
1969-12-31 19:01:08.420,8758.944228615685
1969-12-31 19:01:08.448,9633.541404904014
1969-12-31 19:01:08.475,8973.56116600316
1969-12-31 19:01:08.502,8271.9226301991
1969-12-31 19:01:08.529,8222.225489488841
1969-12-31 19:01:08.556,8195.030689387318
1969-12-31 19:01:08.584,8104.043435224172
1969-12-31 19:01:08.612,7648.033472730098
1969-12-31 19:01:08.640,7024.8928817456
1969-12-31 19:01:08.668,7411.161312506968
1969-12-31 19:01:08.697,7733.728725524318
1969-12-31 19:01:08.725,7873.707131967762
1969-12-31 19:01:08.753,8139.9597050599705
1969-12-31 19:01:08.781,8227.952357664693
1969-12-31 19:01:08.809,7918.787786018766
1969-12-31 19:01:08.837,7930.675633261015
1969-12-31 19:01:08.865,7539.701850869171
1969-12-31 19:01:08.893,7458.711953145797
1969-12-31 19:01:08.920,7507.819923253354
1969-12-31 19:01:08.948,7703.4475399005605
1969-12-31 19:01:08.975,7853.588224499677
1969-12-31 19:01:09.002,7927.382417923333
1969-12-31 19:01:09.029,7852.0071319376675
1969-12-31 19:01:09.056,7761.4679024009365
1969-12-31 19:01:09.083,7657.5338066508075
1969-12-31 19:01:09.110,7751.170234229152
1969-12-31 19:01:09.137,7847.65340722945
1969-12-31 19:01:09.164,8132.313815882907
1969-12-31 19:01:09.191,8223.984435782937
1969-12-31 19:01:09.218,8200.917021894564
1969-12-31 19:01:09.245,8483.712394936547
1969-12-31 19:01:09.273,9231.722699474893
1969-12-31 19:01:09.300,8958.642754346218
1969-12-31 19:01:09.327,7704.328134237274
1969-12-31 19:01:09.354,7527.8767258769585
1969-12-31 19:01:09.381,7621.275483801907
1969-12-31 19:01:09.407,7895.396126857727
1969-12-31 19:01:09.435,8510.67658885003
1969-12-31 19:01:09.463,8500.940183297374
1969-12-31 19:01:09.491,8174.872720721712
1969-12-31 19:01:09.519,7612.940561964214
1969-12-31 19:01:09.548,7509.405302685426
1969-12-31 19:01:09.576,7819.892582382446
1969-12-31 19:01:09.604,8270.529850015657
1969-12-31 19:01:09.632,8363.731224758481
1969-12-31 19:01:09.660,8629.222908234553
1969-12-31 19:01:09.688,8498.530696538079
1969-12-31 19:01:09.716,8215.887048882792
1969-12-31 19:01:09.744,7982.9257794370105
1969-12-31 19:01:09.773,8045.582141771967
1969-12-31 19:01:09.801,8212.75495799065
1969-12-31 19:01:09.829,8146.907143204714
1969-12-31 19:01:09.857,8035.807862312289
1969-12-31 19:01:09.885,8182.9168393672435
1969-12-31 19:01:09.913,8263.717323335788
1969-12-31 19:01:09.941,8178.457556287738
1969-12-31 19:01:09.969,7978.531193145766
1969-12-31 19:01:09.998,8151.572118309449
1969-12-31 19:01:10.025,8258.697233825684
1969-12-31 19:01:10.051,8133.698789603657
1969-12-31 19:01:10.078,8113.909045583393
1969-12-31 19:01:10.105,8185.544331319696
1969-12-31 19:01:10.132,8155.6851336966165
1969-12-31 19:01:10.159,8489.383487627356
1969-12-31 19:01:10.186,8946.933329359284
1969-12-31 19:01:10.213,8534.00164049668
1969-12-31 19:01:10.240,7625.204521847267
1969-12-31 19:01:10.267,7114.964511506716
1969-12-31 19:01:10.294,7430.23875794042
1969-12-31 19:01:10.322,8099.856788857443
1969-12-31 19:01:10.349,8191.562488316866
1969-12-31 19:01:10.376,8462.92620787869
1969-12-31 19:01:10.403,8392.331737961746
1969-12-31 19:01:10.430,7627.20184602453
1969-12-31 19:01:10.457,7559.79258974742
1969-12-31 19:01:10.484,7838.98768974668
1969-12-31 19:01:10.511,7815.47183476468
1969-12-31 19:01:10.538,7788.631715519742
1969-12-31 19:01:10.565,8028.541087893865
1969-12-31 19:01:10.592,8212.240619952632
1969-12-31 19:01:10.619,8119.57043198715
1969-12-31 19:01:10.647,8217.164474440073
1969-12-31 19:01:10.674,7827.173180657242
1969-12-31 19:01:10.701,7655.460796059242
1969-12-31 19:01:10.728,7936.40321556308
1969-12-31 19:01:10.755,8208.561384310895
1969-12-31 19:01:10.782,8256.465103178236
1969-12-31 19:01:10.809,8227.392296469156
1969-12-31 19:01:10.836,7968.257023967036
1969-12-31 19:01:10.863,7621.661761059723
1969-12-31 19:01:10.890,7522.995148210585
1969-12-31 19:01:10.917,7524.356185083213
1969-12-31 19:01:10.944,7596.69823015236
1969-12-31 19:01:10.972,7796.138531349991
1969-12-31 19:01:10.999,7851.175708134419
1969-12-31 19:01:11.026,8219.718729980972
1969-12-31 19:01:11.053,8112.930913054788
1969-12-31 19:01:11.080,8437.114198587098
1969-12-31 19:01:11.107,8350.620575741661
1969-12-31 19:01:11.134,7956.393152679171
1969-12-31 19:01:11.161,7926.542752045181
1969-12-31 19:01:11.188,7816.700071001829
1969-12-31 19:01:11.215,8121.194000884353
1969-12-31 19:01:11.242,8249.144440485934
1969-12-31 19:01:11.269,8171.364635114504
1969-12-31 19:01:11.297,7963.661469449841
1969-12-31 19:01:11.324,7974.134184975821
1969-12-31 19:01:11.351,8085.336851362471
1969-12-31 19:01:11.378,8118.545682571479
1969-12-31 19:01:11.405,8065.095163728696
1969-12-31 19:01:11.432,8192.968692726708
1969-12-31 19:01:11.459,8099.066612888179
1969-12-31 19:01:11.486,8052.976592540177
1969-12-31 19:01:11.513,7999.1359533389605
1969-12-31 19:01:11.540,7904.080971245171
1969-12-31 19:01:11.567,7910.863416846482
1969-12-31 19:01:11.594,7916.071753085617
1969-12-31 19:01:11.622,8035.776004842345
1969-12-31 19:01:11.649,8126.771560712163
1969-12-31 19:01:11.676,8156.846449455819
1969-12-31 19:01:11.703,8047.745522815691
1969-12-31 19:01:11.730,7845.3859051037125
1969-12-31 19:01:11.757,8037.416500343876
1969-12-31 19:01:11.784,8087.347154660792
1969-12-31 19:01:11.811,7935.967741869923
1969-12-31 19:01:11.838,8072.852284044345
1969-12-31 19:01:11.865,8022.719738343101
1969-12-31 19:01:11.892,8027.297428151021
1969-12-31 19:01:11.919,8033.609400512325
1969-12-31 19:01:11.947,7984.801562969489
1969-12-31 19:01:11.974,8005.32622695665
1969-12-31 19:01:12.001,7951.774644694101
1969-12-31 19:01:12.028,7979.589964402933
1969-12-31 19:01:12.055,7996.703320744118
1969-12-31 19:01:12.082,8046.536646284537
1969-12-31 19:01:12.109,8015.8882227735685
1969-12-31 19:01:12.136,7999.631991535611
1969-12-31 19:01:12.163,8038.069419954023
1969-12-31 19:01:12.190,8039.709447486271
1969-12-31 19:01:12.217,8000.607976897756
1969-12-31 19:01:12.244,7874.0322579984395
1969-12-31 19:01:12.272,7997.151492875448
1969-12-31 19:01:12.299,7937.725618840702
1969-12-31 19:01:12.326,7994.237924905663
1969-12-31 19:01:12.353,8073.565754980881
1969-12-31 19:01:12.380,8107.643800759873
1969-12-31 19:01:12.407,7933.612544106247
1969-12-31 19:01:12.434,8102.795566963294
1969-12-31 19:01:12.461,7992.012012002985
1969-12-31 19:01:12.488,8068.395627384666
1969-12-31 19:01:12.515,8029.481676920373
1969-12-31 19:01:12.542,8059.141393473625
1969-12-31 19:01:12.569,8010.904568149592
1969-12-31 19:01:12.597,7993.117039053038
1969-12-31 19:01:12.624,8010.840655012431
1969-12-31 19:01:12.651,8014.147490531978
1969-12-31 19:01:12.678,8014.163462271031
1969-12-31 19:01:12.705,7966.698688917511
1969-12-31 19:01:12.732,7998.623881643642
1969-12-31 19:01:12.759,7981.258046197981
1969-12-31 19:01:12.786,7958.291273885368
1969-12-31 19:01:12.813,7916.702343779259
1969-12-31 19:01:12.840,8009.16275274763
1969-12-31 19:01:12.867,8037.2572436124
1969-12-31 19:01:12.894,8051.689015355722
1969-12-31 19:01:12.922,8015.632726117135
1969-12-31 19:01:12.949,7867.624800408316
1969-12-31 19:01:12.976,7959.015014434889
1969-12-31 19:01:13.003,7914.632524634356
1969-12-31 19:01:13.030,7925.186180778342
1969-12-31 19:01:13.057,8075.737489542364
1969-12-31 19:01:13.084,7942.078317417929
1969-12-31 19:01:13.111,8170.142716011759
1969-12-31 19:01:13.138,7970.714397091392
1969-12-31 19:01:13.165,8028.572974072043
1969-12-31 19:01:13.192,7997.343558957562
1969-12-31 19:01:13.219,8012.358454287976
1969-12-31 19:01:13.247,8010.840655012431
1969-12-31 19:01:13.274,8045.8366873806235
1969-12-31 19:01:13.301,7954.204925698105
1969-12-31 19:01:13.328,8034.310424672425
1969-12-31 19:01:13.355,8016.894161706266
1969-12-31 19:01:13.382,8028.014947669193
1969-12-31 19:01:13.409,8002.5276007021685
1969-12-31 19:01:13.436,8010.137576845981
1969-12-31 19:01:13.463,7996.703320744118
1969-12-31 19:01:13.490,8042.14498750178
1969-12-31 19:01:13.517,7945.494320682635
1969-12-31 19:01:13.544,7954.687674572773
1969-12-31 19:01:13.572,8049.288167285353
1969-12-31 19:01:13.599,7975.995987962882
1969-12-31 19:01:13.626,7999.039942393087
1969-12-31 19:01:13.653,8021.826225991186
1969-12-31 19:01:13.680,7986.500610405035
1969-12-31 19:01:13.707,7889.184495244106
1969-12-31 19:01:13.734,7957.342269878806
1969-12-31 19:01:13.761,8056.710991465438
1969-12-31 19:01:13.788,7939.128415638583
1969-12-31 19:01:13.815,8084.877735624701
1969-12-31 19:01:13.842,7960.2854220184845
1969-12-31 19:01:13.869,8128.157478789397
1969-12-31 19:01:13.897,8064.4761764171635
1969-12-31 19:01:13.924,7876.128998435716
1969-12-31 19:01:13.951,7885.094799683768
1969-12-31 19:01:13.978,7919.2726938778915
1969-12-31 19:01:14.005,8030.884384673957
1969-12-31 19:01:14.032,7891.812466094211
1969-12-31 19:01:14.059,7820.399989770344
1969-12-31 19:01:14.086,7748.461524715729
1969-12-31 19:01:14.113,7853.571926200205
1969-12-31 19:01:14.140,7988.119177879108
1969-12-31 19:01:14.167,7997.855712626979
1969-12-31 19:01:14.194,7863.6703898370515
1969-12-31 19:01:14.222,7606.329995470877
1969-12-31 19:01:14.249,7378.3770573209395
1969-12-31 19:01:14.276,6470.373095888675
1969-12-31 19:01:14.303,6529.470422630001
1969-12-31 19:01:14.330,8091.034050107563
1969-12-31 19:01:14.357,9693.319761567756
1969-12-31 19:01:14.383,10447.081123452617
1969-12-31 19:01:14.411,9700.85686936984
1969-12-31 19:01:14.439,8419.1172933984
1969-12-31 19:01:14.466,7197.955265212476
1969-12-31 19:01:14.492,7187.705057944434
1969-12-31 19:01:14.519,7401.171799113976
1969-12-31 19:01:14.547,7770.846028586591
1969-12-31 19:01:14.574,8045.454865947605
1969-12-31 19:01:14.601,8243.851527047294
1969-12-31 19:01:14.628,8435.703171638983
1969-12-31 19:01:14.655,8513.65397464567
1969-12-31 19:01:14.682,8588.692100663524
1969-12-31 19:01:14.709,8741.170630985303
1969-12-31 19:01:14.736,8911.497292823467
1969-12-31 19:01:14.763,10178.175868003067
1969-12-31 19:01:14.790,12476.060916811844
1969-12-31 19:01:14.818,10700.411954686604
1969-12-31 19:01:14.847,8951.581759666835
1969-12-31 19:01:14.874,8673.431616148247
1969-12-31 19:01:14.901,8484.059405732613
1969-12-31 19:01:14.928,8836.317785141047
1969-12-31 19:01:14.955,9050.358666925858
1969-12-31 19:01:14.982,7028.608966217996
1969-12-31 19:01:15.008,6935.75547435173
1969-12-31 19:01:15.033,7175.620948740255
1969-12-31 19:01:15.059,6958.1422808103025
1969-12-31 19:01:15.085,7146.485569844803
1969-12-31 19:01:15.111,6502.026760941545
1969-12-31 19:01:15.138,6016.212762195167
1969-12-31 19:01:15.165,6171.542432812076
1969-12-31 19:01:15.192,6119.743785486448
1969-12-31 19:01:15.219,6262.809593145875
1969-12-31 19:01:15.247,6478.399802420347
1969-12-31 19:01:15.274,6938.228015855345
1969-12-31 19:01:15.301,7346.317717060704
1969-12-31 19:01:15.328,7391.324644473411
1969-12-31 19:01:15.356,7273.280415328423
1969-12-31 19:01:15.384,7350.707176864005
1969-12-31 19:01:15.412,7409.088472949962
1969-12-31 19:01:15.440,8482.309119573514
1969-12-31 19:01:15.468,9167.106413694564
1969-12-31 19:01:15.497,9532.093159427262
1969-12-31 19:01:15.525,13093.094363060247
1969-12-31 19:01:15.554,12561.762933601318
1969-12-31 19:01:15.583,10655.303280526558
1969-12-31 19:01:15.611,7795.728060931833
1969-12-31 19:01:15.639,6072.8168093562645
1969-12-31 19:01:15.666,6071.024954651397
1969-12-31 19:01:15.693,7799.306635849112
1969-12-31 19:01:15.720,9141.392454106759
1969-12-31 19:01:15.748,10160.856656798185
1969-12-31 19:01:15.775,9086.661873317396
1969-12-31 19:01:15.802,7996.959422180407
1969-12-31 19:01:15.829,7325.41439100888
1969-12-31 19:01:15.856,7169.160620323693
1969-12-31 19:01:15.883,6948.754132936349
1969-12-31 19:01:15.910,7314.170356233166
1969-12-31 19:01:15.937,7435.318957516214
1969-12-31 19:01:15.964,7585.839439376502
1969-12-31 19:01:15.991,7524.322162161851
1969-12-31 19:01:16.018,7379.313789235419
1969-12-31 19:01:16.045,7702.998896533739
1969-12-31 19:01:16.073,7751.417934803929
1969-12-31 19:01:16.100,7747.883323850457
1969-12-31 19:01:16.127,8000.943944310571
1969-12-31 19:01:16.154,10413.037981300175
1969-12-31 19:01:16.181,11613.057478545432
1969-12-31 19:01:16.210,10015.34822160468
1969-12-31 19:01:16.238,7267.400085312491
1969-12-31 19:01:16.266,8093.976031592879
1969-12-31 19:01:16.293,9366.138158280604
1969-12-31 19:01:16.320,9217.958125311701
1969-12-31 19:01:16.348,8825.359822692784
1969-12-31 19:01:16.375,7661.227055765937
1969-12-31 19:01:16.402,6895.443132968323
1969-12-31 19:01:16.429,6713.101220747382
1969-12-31 19:01:16.456,6705.527272332877
1969-12-31 19:01:16.483,6763.591945113189
1969-12-31 19:01:16.509,6706.9396896050885
1969-12-31 19:01:16.535,6802.917021396042
1969-12-31 19:01:16.562,7185.906205900547
1969-12-31 19:01:16.589,7931.127536485591
1969-12-31 19:01:16.616,8722.054803771873
1969-12-31 19:01:16.643,9133.828113118836
1969-12-31 19:01:16.670,9605.678320660129
1969-12-31 19:01:16.698,10324.786486896472
1969-12-31 19:01:16.725,10984.008739981957
1969-12-31 19:01:16.753,10826.231846769217
1969-12-31 19:01:16.781,10993.176065177888
1969-12-31 19:01:16.809,11777.478168096937
1969-12-31 19:01:16.838,11692.705418336682
1969-12-31 19:01:16.866,9836.383075094218
1969-12-31 19:01:16.893,7962.713105468512
1969-12-31 19:01:16.920,8432.880409444924
1969-12-31 19:01:16.948,8692.271509795353
1969-12-31 19:01:16.975,8821.413945621189
1969-12-31 19:01:17.002,8814.969086729687
1969-12-31 19:01:17.028,8445.120721458043
1969-12-31 19:01:17.054,8114.9186071087615
1969-12-31 19:01:17.081,8286.30098415451
1969-12-31 19:01:17.109,7723.64266392484
1969-12-31 19:01:17.137,5854.622788873763
1969-12-31 19:01:17.165,5664.47455639091
1969-12-31 19:01:17.193,5611.645035103343
1969-12-31 19:01:17.222,5943.822339202275
1969-12-31 19:01:17.250,6493.437918391151
1969-12-31 19:01:17.278,6583.781284338052
1969-12-31 19:01:17.305,7351.0380219394865
1969-12-31 19:01:17.331,7799.109692779042
1969-12-31 19:01:17.358,7869.7557776591775
1969-12-31 19:01:17.385,8741.18527432064
1969-12-31 19:01:17.412,9309.264202932474
1969-12-31 19:01:17.439,9874.592852366117
1969-12-31 19:01:17.466,11560.517635469443
1969-12-31 19:01:17.494,10856.893109909483
1969-12-31 19:01:17.523,8039.4228648579
1969-12-31 19:01:17.551,7497.737258666777
1969-12-31 19:01:17.579,9200.890391695795
1969-12-31 19:01:17.607,9153.804018002571
1969-12-31 19:01:17.634,8790.482125571953
1969-12-31 19:01:17.661,7672.563065886132
1969-12-31 19:01:17.688,6372.300055709869
1969-12-31 19:01:17.715,6466.257031699251
1969-12-31 19:01:17.742,6374.689953244785
1969-12-31 19:01:17.767,6376.0351316472525
1969-12-31 19:01:17.794,6438.683095167831
1969-12-31 19:01:17.822,6163.095326213931
1969-12-31 19:01:17.849,6825.720767801742
1969-12-31 19:01:17.876,7231.6814089117615
1969-12-31 19:01:17.903,7850.26267076459
1969-12-31 19:01:17.931,9519.717642871557
1969-12-31 19:01:17.959,11116.131701270906
1969-12-31 19:01:17.987,10966.082983454029
1969-12-31 19:01:18.015,10693.950439383942
1969-12-31 19:01:18.043,12375.914673267589
1969-12-31 19:01:18.073,12340.5646548284
1969-12-31 19:01:18.101,10295.188779230812
1969-12-31 19:01:18.129,9861.245357458662
1969-12-31 19:01:18.157,9569.738972406718
1969-12-31 19:01:18.185,10351.604320104203
1969-12-31 19:01:18.213,10460.794616089162
1969-12-31 19:01:18.241,9850.608915188948
1969-12-31 19:01:18.269,9642.49262379806
1969-12-31 19:01:18.294,7381.013480545879
1969-12-31 19:01:18.323,6992.0915325816495
1969-12-31 19:01:18.351,6699.645363748741
1969-12-31 19:01:18.379,6733.586265876454
1969-12-31 19:01:18.406,6778.677157086035
1969-12-31 19:01:18.434,6919.218452975741
1969-12-31 19:01:18.462,6932.912807759809
1969-12-31 19:01:18.489,6814.328433528868
1969-12-31 19:01:18.516,7594.524343235724
1969-12-31 19:01:18.543,8645.42052187168
1969-12-31 19:01:18.570,9254.212446232255
1969-12-31 19:01:18.598,9194.3774123102
1969-12-31 19:01:18.625,9294.554104420502
1969-12-31 19:01:18.652,10799.810368705554
1969-12-31 19:01:18.680,8689.885614897355
1969-12-31 19:01:18.707,8339.346737005244
1969-12-31 19:01:18.734,8125.763471822202
1969-12-31 19:01:18.762,8327.550420141568
1969-12-31 19:01:18.790,9428.630441373763
1969-12-31 19:01:18.818,9356.744733078915
1969-12-31 19:01:18.847,8818.322743016384
1969-12-31 19:01:18.875,8121.020625512535
1969-12-31 19:01:18.902,7521.225432068899
1969-12-31 19:01:18.930,7150.048950881385
1969-12-31 19:01:18.957,7061.059410598384
1969-12-31 19:01:18.984,6948.404133324429
1969-12-31 19:01:19.011,6893.5680166369575
1969-12-31 19:01:19.038,7119.262883192332
1969-12-31 19:01:19.065,7060.515561911892
1969-12-31 19:01:19.092,6763.648719441305
1969-12-31 19:01:19.119,7709.343940958919
1969-12-31 19:01:19.147,9028.466979504328
1969-12-31 19:01:19.175,10702.002803213985
1969-12-31 19:01:19.202,11049.653750231271
1969-12-31 19:01:19.230,10377.501818838675
1969-12-31 19:01:19.258,10167.656957234543
1969-12-31 19:01:19.285,13213.888451171366
1969-12-31 19:01:19.314,9922.038500227662
1969-12-31 19:01:19.341,9201.683324261925
1969-12-31 19:01:19.368,9379.521522977599
1969-12-31 19:01:19.395,9720.457602397122
1969-12-31 19:01:19.423,10240.774970674827
1969-12-31 19:01:19.450,9972.108302660978
1969-12-31 19:01:19.477,10133.67297676415
1969-12-31 19:01:19.504,9743.64531374167
1969-12-31 19:01:19.530,8943.67083473
1969-12-31 19:01:19.557,8025.224233627369
1969-12-31 19:01:19.583,7918.561485522481
1969-12-31 19:01:19.608,7602.408039562201
1969-12-31 19:01:19.635,7739.469749278694
1969-12-31 19:01:19.662,7418.653247052324
1969-12-31 19:01:19.689,7790.882876799009
1969-12-31 19:01:19.716,8143.261263154953
1969-12-31 19:01:19.743,8111.652852532584
1969-12-31 19:01:19.770,7795.481768306562
1969-12-31 19:01:19.798,7227.644706264967
1969-12-31 19:01:19.825,7104.144142681791
1969-12-31 19:01:19.852,10047.859871634357
1969-12-31 19:01:19.879,9303.762679690406
1969-12-31 19:01:19.906,8265.018330288203
1969-12-31 19:01:19.933,7826.780691957581
1969-12-31 19:01:19.961,7808.098360036201
1969-12-31 19:01:19.989,9120.126314914723
1969-12-31 19:01:20.017,9592.343613528448
1969-12-31 19:01:20.045,9409.101976278076
1969-12-31 19:01:20.074,8675.158096542104
1969-12-31 19:01:20.101,7809.966965359073
1969-12-31 19:01:20.128,7196.372419490253
1969-12-31 19:01:20.155,7433.183974583167
1969-12-31 19:01:20.182,7498.078687237151
1969-12-31 19:01:20.209,7831.489258116875
1969-12-31 19:01:20.236,7719.697403396069
1969-12-31 19:01:20.263,7521.191394985239
1969-12-31 19:01:20.290,7722.250449189019
